,menu_item_id,product_id,quantity
0,coffee high protein - almond mocha - 20,14,5.481995602600679
1,coffee high protein - almond mocha - 20,16,2.3988406224291863
2,coffee high protein - almond mocha - 20,42,5.570791412200874
3,coffee high protein - almond mocha - 20,15,4.2696546480411275
4,coffee high protein - almond mocha - 20,3,5.1840413170506
5,coffee high protein - almond mocha - 20,66,2.8392254317000614
6,coffee high protein - almond mocha - 20,1,3.795409659220509
7,gladiator - coffee - 20,7,3.5532996127613057
8,gladiator - coffee - 20,24,5.103370185204182
9,gladiator - coffee - 20,14,1.0
10,keto champ - coffee - 20,14,4.464814975484206
11,keto champ - coffee - 20,33,2.322821063297795
12,keto champ - coffee - 20,2,2.5149018791532924
13,keto champ - coffee - 20,10,4.40963364433631
14,keto champ - coffee - 20,1,3.3854257868985558
15,pure recharge - mango strawberry - 20,59,1.882971221422289
16,pure recharge - mango strawberry - 20,37,3.9682748811333153
17,pure recharge - mango strawberry - 20,6,5.652804879506199
18,pure recharge - mango strawberry - 20,54,1.7544296561976176
19,pure recharge - mango strawberry - 20,18,6.0898263182882975
20,pure recharge - pineapple - 20,7,4.1239610100662825
21,pure recharge - pineapple - 20,50,1.8214187369304764
22,pure recharge - pineapple - 20,54,4.985377464809645
23,pure recharge - pineapple - 20,6,4.434603133200058
24,pure recharge - pineapple - 20,43,6.402462027595812
25,the activator - recovery coffee - 20,14,1.3322807357387147
26,the activator - recovery coffee - 20,24,2.5635115837816684
27,the activator - recovery coffee - 20,52,2.674475677480931
28,the activator - recovery coffee - 20,7,5.513852285200135
29,the activator - recovery coffee - 20,13,2.2717133260447895
30,the activator - recovery coffee - 20,42,5.315953834387539
31,the hulk - coffee - 20,7,5.31714573403109
32,the hulk - coffee - 20,14,5.508779015188886
33,the hulk - coffee - 20,64,3.3937012990102886
34,the hulk - coffee - 20,29,3.9367323262815828
35,the hulk - coffee - 20,9,4.8580210564955495
36,vegan coffee mocha - 20,7,3.542728615434254
37,vegan coffee mocha - 20,16,3.8010818191076305
38,vegan coffee mocha - 20,44,2.1290857378358288
39,vegan coffee mocha - 20,14,3.2239455925531972
40,vegan coffee mocha - 20,1,1.4554420181302539
41,vegan coffee mocha - 20,61,2.618756374549779
42,coffee high protein - almond mocha - 32,14,8.771192964161086
43,coffee high protein - almond mocha - 32,16,3.838144995886698
44,coffee high protein - almond mocha - 32,42,8.913266259521398
45,coffee high protein - almond mocha - 32,15,6.831447436865805
46,coffee high protein - almond mocha - 32,3,8.29446610728096
47,coffee high protein - almond mocha - 32,66,4.542760690720098
48,coffee high protein - almond mocha - 32,1,6.072655454752815
49,gladiator - coffee - 32,7,5.6852793804180894
50,gladiator - coffee - 32,24,8.165392296326692
51,gladiator - coffee - 32,14,1.6
52,keto champ - coffee - 32,14,7.1437039607747295
53,keto champ - coffee - 32,33,3.716513701276472
54,keto champ - coffee - 32,2,4.023843006645268
55,keto champ - coffee - 32,10,7.055413830938097
56,keto champ - coffee - 32,1,5.41668125903769
57,pure recharge - mango strawberry - 32,59,3.0127539542756625
58,pure recharge - mango strawberry - 32,37,6.349239809813305
59,pure recharge - mango strawberry - 32,6,9.044487807209919
60,pure recharge - mango strawberry - 32,54,2.8070874499161884
61,pure recharge - mango strawberry - 32,18,9.743722109261277
62,pure recharge - pineapple - 32,7,6.598337616106052
63,pure recharge - pineapple - 32,50,2.9142699790887625
64,pure recharge - pineapple - 32,54,7.976603943695432
65,pure recharge - pineapple - 32,6,7.095365013120094
66,pure recharge - pineapple - 32,43,10.2439392441533
67,the activator - recovery coffee - 32,14,2.1316491771819437
68,the activator - recovery coffee - 32,24,4.10161853405067
69,the activator - recovery coffee - 32,52,4.27916108396949
70,the activator - recovery coffee - 32,7,8.822163656320216
71,the activator - recovery coffee - 32,13,3.6347413216716635
72,the activator - recovery coffee - 32,42,8.505526135020062
73,the hulk - coffee - 32,7,8.507433174449744
74,the hulk - coffee - 32,14,8.814046424302218
75,the hulk - coffee - 32,64,5.429922078416462
76,the hulk - coffee - 32,29,6.298771722050533
77,the hulk - coffee - 32,9,7.772833690392879
78,vegan coffee mocha - 32,7,5.668365784694807
79,vegan coffee mocha - 32,16,6.081730910572209
80,vegan coffee mocha - 32,44,3.406537180537326
81,vegan coffee mocha - 32,14,5.158312948085116
82,vegan coffee mocha - 32,1,2.328707229008406
83,vegan coffee mocha - 32,61,4.190010199279647
84,coffee high protein - almond mocha - 40,14,10.963991205201358
85,coffee high protein - almond mocha - 40,16,4.7976812448583726
86,coffee high protein - almond mocha - 40,42,11.141582824401748
87,coffee high protein - almond mocha - 40,15,8.539309296082255
88,coffee high protein - almond mocha - 40,3,10.3680826341012
89,coffee high protein - almond mocha - 40,66,5.678450863400123
90,coffee high protein - almond mocha - 40,1,7.590819318441018
91,gladiator - coffee - 40,7,7.106599225522611
92,gladiator - coffee - 40,24,10.206740370408363
93,gladiator - coffee - 40,14,2.0
94,keto champ - coffee - 40,14,8.929629950968412
95,keto champ - coffee - 40,33,4.64564212659559
96,keto champ - coffee - 40,2,5.029803758306585
97,keto champ - coffee - 40,10,8.81926728867262
98,keto champ - coffee - 40,1,6.7708515737971116
99,pure recharge - mango strawberry - 40,59,3.765942442844578
100,pure recharge - mango strawberry - 40,37,7.936549762266631
101,pure recharge - mango strawberry - 40,6,11.305609759012398
102,pure recharge - mango strawberry - 40,54,3.508859312395235
103,pure recharge - mango strawberry - 40,18,12.179652636576595
104,pure recharge - pineapple - 40,7,8.247922020132565
105,pure recharge - pineapple - 40,50,3.642837473860953
106,pure recharge - pineapple - 40,54,9.97075492961929
107,pure recharge - pineapple - 40,6,8.869206266400116
108,pure recharge - pineapple - 40,43,12.804924055191623
109,the activator - recovery coffee - 40,14,2.6645614714774295
110,the activator - recovery coffee - 40,24,5.127023167563337
111,the activator - recovery coffee - 40,52,5.348951354961862
112,the activator - recovery coffee - 40,7,11.02770457040027
113,the activator - recovery coffee - 40,13,4.543426652089579
114,the activator - recovery coffee - 40,42,10.631907668775078
115,the hulk - coffee - 40,7,10.63429146806218
116,the hulk - coffee - 40,14,11.017558030377772
117,the hulk - coffee - 40,64,6.787402598020577
118,the hulk - coffee - 40,29,7.8734646525631655
119,the hulk - coffee - 40,9,9.716042112991099
120,vegan coffee mocha - 40,7,7.085457230868508
121,vegan coffee mocha - 40,16,7.602163638215261
122,vegan coffee mocha - 40,44,4.2581714756716575
123,vegan coffee mocha - 40,14,6.4478911851063945
124,vegan coffee mocha - 40,1,2.9108840362605077
125,vegan coffee mocha - 40,61,5.237512749099558
126,the hulk - vanilla - 20,7,5.443480254571476
127,the hulk - vanilla - 20,64,5.32217726865886
128,the hulk - vanilla - 20,29,5.582946535698554
129,the hulk - vanilla - 20,9,3.837225323129265
130,the hulk - chocolate - 20,7,4.332097527589834
131,the hulk - chocolate - 20,1,2.9810652497461607
132,the hulk - chocolate - 20,29,5.3124142873773765
133,the hulk - chocolate - 20,64,6.860947579650439
134,the hulk - chocolate - 20,9,1.6182074707288119
135,the hulk - strawberry - 20,7,3.744962624220038
136,the hulk - strawberry - 20,60,3.9726493069507884
137,the hulk - strawberry - 20,64,4.16801690962074
138,the hulk - strawberry - 20,29,5.477861940414161
139,the hulk - strawberry - 20,9,1.0
140,peanut power plus - chocolate - 20,7,5.924793090820581
141,peanut power plus - chocolate - 20,47,3.7208400797236614
142,peanut power plus - chocolate - 20,16,3.29436119226168
143,peanut power plus - chocolate - 20,42,4.415291019920992
144,peanut power plus - chocolate - 20,52,5.324722601656051
145,peanut power plus - chocolate - 20,1,4.094227908602308
146,peanut power plus - strawberry - 20,7,7.244550819434789
147,peanut power plus - strawberry - 20,59,5.8849632338257
148,peanut power plus - strawberry - 20,47,3.7795638120166775
149,peanut power plus - strawberry - 20,16,1.6571053972768643
150,peanut power plus - strawberry - 20,42,1.3279568629890859
151,peanut power plus - strawberry - 20,52,1.268014174436075
152,peanut power plus - strawberry - 20,64,3.121625458287533
153,power punch plus - 20,7,7.435664589104291
154,power punch plus - 20,59,6.8052615514594965
155,power punch plus - 20,43,5.1154476859855835
156,power punch plus - 20,64,3.81269605243783
157,stretch and flex - tart cherry -  20,7,5.48000519133205
158,stretch and flex - tart cherry -  20,63,7.839937965161356
159,stretch and flex - tart cherry -  20,4,4.854979108345632
160,stretch and flex - tart cherry -  20,16,2.7822446819741273
161,stretch and flex - tart cherry -  20,13,3.0158915370227044
162,stretch and flex - tart cherry -  20,61,1.0
163,stretch and flex - tart cherry -  20,31,4.731516876451711
164,stretch and flex - pineapple kale - 20,7,4.291504155310636
165,stretch and flex - pineapple kale - 20,50,1.0
166,stretch and flex - pineapple kale - 20,16,4.553140842504417
167,stretch and flex - pineapple kale - 20,13,8.2311721871877
168,stretch and flex - pineapple kale - 20,61,2.888595681983732
169,stretch and flex - pineapple kale - 20,31,4.387375852375132
170,stretch and flex - pineapple kale - 20,32,5.777529636169721
171,gladiator - vanilla - 20,26,3.0233148788346313
172,gladiator - chocolate - 20,24,1.2331602566706326
173,gladiator - strawberry - 20,25,1.0
174,the activator recovery - blueberry tart cherry - 20,63,1.90878426683703
175,the activator recovery - blueberry tart cherry - 20,8,3.8390035521617247
176,the activator recovery - blueberry tart cherry - 20,4,8.789313019878481
177,the activator recovery - blueberry tart cherry - 20,13,2.374896512400747
178,the activator recovery - blueberry tart cherry - 20,52,2.0991704739524577
179,the activator recovery - blueberry tart cherry - 20,26,6.152954504000668
180,the activator recovery - strawberry banana - 20,7,1.0
181,the activator recovery - strawberry banana - 20,59,1.0
182,the activator recovery - strawberry banana - 20,5,2.0601081315721816
183,the activator recovery - strawberry banana - 20,13,1.106377704165784
184,the activator recovery - strawberry banana - 20,26,6.809687164578182
185,the activator recovery - strawberry banana - 20,52,1.6553389494608397
186,high intensity workout - chocolate cinnamon - 20,7,4.604450929522738
187,high intensity workout - chocolate cinnamon - 20,10,4.955980579648172
188,high intensity workout - chocolate cinnamon - 20,16,4.515289475446279
189,high intensity workout - chocolate cinnamon - 20,2,5.738446701704069
190,high intensity workout - chocolate cinnamon - 20,22,1.0
191,high intensity workout - chocolate cinnamon - 20,1,4.983465997380585
192,high intensity workout - chocolate cinnamon - 20,12,4.288407648968185
193,the hulk - vanilla - 32,7,8.709568407314363
194,the hulk - vanilla - 32,64,8.515483629854177
195,the hulk - vanilla - 32,29,8.932714457117687
196,the hulk - vanilla - 32,9,6.139560517006824
197,the hulk - chocolate - 32,7,6.931356044143735
198,the hulk - chocolate - 32,1,4.7697043995938575
199,the hulk - chocolate - 32,29,8.499862859803804
200,the hulk - chocolate - 32,64,10.977516127440703
201,the hulk - chocolate - 32,9,2.589131953166099
202,the hulk - strawberry - 32,7,5.9919401987520615
203,the hulk - strawberry - 32,60,6.3562388911212615
204,the hulk - strawberry - 32,64,6.6688270553931845
205,the hulk - strawberry - 32,29,8.764579104662657
206,the hulk - strawberry - 32,9,1.6
207,peanut power plus - chocolate - 32,7,9.479668945312929
208,peanut power plus - chocolate - 32,47,5.953344127557859
209,peanut power plus - chocolate - 32,16,5.270977907618688
210,peanut power plus - chocolate - 32,42,7.0644656318735874
211,peanut power plus - chocolate - 32,52,8.519556162649682
212,peanut power plus - chocolate - 32,1,6.550764653763693
213,peanut power plus - strawberry - 32,7,11.591281311095663
214,peanut power plus - strawberry - 32,59,9.415941174121121
215,peanut power plus - strawberry - 32,47,6.047302099226684
216,peanut power plus - strawberry - 32,16,2.6513686356429833
217,peanut power plus - strawberry - 32,42,2.1247309807825374
218,peanut power plus - strawberry - 32,52,2.0288226790977197
219,peanut power plus - strawberry - 32,64,4.994600733260054
220,power punch plus - 32,7,11.897063342566867
221,power punch plus - 32,59,10.888418482335195
222,power punch plus - 32,43,8.184716297576934
223,power punch plus - 32,64,6.100313683900528
224,stretch and flex - tart cherry -  32,7,8.76800830613128
225,stretch and flex - tart cherry -  32,63,12.54390074425817
226,stretch and flex - tart cherry -  32,4,7.767966573353012
227,stretch and flex - tart cherry -  32,16,4.451591491158604
228,stretch and flex - tart cherry -  32,13,4.825426459236327
229,stretch and flex - tart cherry -  32,61,1.6
230,stretch and flex - tart cherry -  32,31,7.570427002322738
231,stretch and flex - pineapple kale - 32,7,6.866406648497018
232,stretch and flex - pineapple kale - 32,50,1.6
233,stretch and flex - pineapple kale - 32,16,7.285025348007068
234,stretch and flex - pineapple kale - 32,13,13.169875499500321
235,stretch and flex - pineapple kale - 32,61,4.6217530911739715
236,stretch and flex - pineapple kale - 32,31,7.0198013638002115
237,stretch and flex - pineapple kale - 32,32,9.244047417871554
238,gladiator - vanilla - 32,26,4.83730380613541
239,gladiator - chocolate - 32,24,1.9730564106730122
240,gladiator - strawberry - 32,25,1.6
241,the activator recovery - blueberry tart cherry - 32,63,3.0540548269392485
242,the activator recovery - blueberry tart cherry - 32,8,6.14240568345876
243,the activator recovery - blueberry tart cherry - 32,4,14.062900831805571
244,the activator recovery - blueberry tart cherry - 32,13,3.7998344198411953
245,the activator recovery - blueberry tart cherry - 32,52,3.3586727583239324
246,the activator recovery - blueberry tart cherry - 32,26,9.84472720640107
247,the activator recovery - strawberry banana - 32,7,1.6
248,the activator recovery - strawberry banana - 32,59,1.6
249,the activator recovery - strawberry banana - 32,5,3.2961730105154907
250,the activator recovery - strawberry banana - 32,13,1.7702043266652545
251,the activator recovery - strawberry banana - 32,26,10.895499463325091
252,the activator recovery - strawberry banana - 32,52,2.6485423191373436
253,high intensity workout - chocolate cinnamon - 32,7,7.367121487236381
254,high intensity workout - chocolate cinnamon - 32,10,7.929568927437076
255,high intensity workout - chocolate cinnamon - 32,16,7.224463160714047
256,high intensity workout - chocolate cinnamon - 32,2,9.18151472272651
257,high intensity workout - chocolate cinnamon - 32,22,1.6
258,high intensity workout - chocolate cinnamon - 32,1,7.973545595808936
259,high intensity workout - chocolate cinnamon - 32,12,6.861452238349097
260,the hulk - vanilla - 40,7,10.886960509142952
261,the hulk - vanilla - 40,64,10.64435453731772
262,the hulk - vanilla - 40,29,11.165893071397107
263,the hulk - vanilla - 40,9,7.67445064625853
264,the hulk - chocolate - 40,7,8.664195055179668
265,the hulk - chocolate - 40,1,5.962130499492321
266,the hulk - chocolate - 40,29,10.624828574754753
267,the hulk - chocolate - 40,64,13.721895159300878
268,the hulk - chocolate - 40,9,3.2364149414576238
269,the hulk - strawberry - 40,7,7.489925248440076
270,the hulk - strawberry - 40,60,7.945298613901577
271,the hulk - strawberry - 40,64,8.33603381924148
272,the hulk - strawberry - 40,29,10.955723880828321
273,the hulk - strawberry - 40,9,2.0
274,peanut power plus - chocolate - 40,7,11.849586181641161
275,peanut power plus - chocolate - 40,47,7.441680159447323
276,peanut power plus - chocolate - 40,16,6.58872238452336
277,peanut power plus - chocolate - 40,42,8.830582039841984
278,peanut power plus - chocolate - 40,52,10.649445203312101
279,peanut power plus - chocolate - 40,1,8.188455817204616
280,peanut power plus - strawberry - 40,7,14.489101638869577
281,peanut power plus - strawberry - 40,59,11.7699264676514
282,peanut power plus - strawberry - 40,47,7.559127624033355
283,peanut power plus - strawberry - 40,16,3.3142107945537287
284,peanut power plus - strawberry - 40,42,2.6559137259781718
285,peanut power plus - strawberry - 40,52,2.53602834887215
286,peanut power plus - strawberry - 40,64,6.243250916575066
287,power punch plus - 40,7,14.871329178208581
288,power punch plus - 40,59,13.610523102918993
289,power punch plus - 40,43,10.230895371971167
290,power punch plus - 40,64,7.62539210487566
291,stretch and flex - tart cherry -  40,7,10.9600103826641
292,stretch and flex - tart cherry -  40,63,15.679875930322712
293,stretch and flex - tart cherry -  40,4,9.709958216691264
294,stretch and flex - tart cherry -  40,16,5.564489363948255
295,stretch and flex - tart cherry -  40,13,6.031783074045409
296,stretch and flex - tart cherry -  40,61,2.0
297,stretch and flex - tart cherry -  40,31,9.463033752903423
298,stretch and flex - pineapple kale - 40,7,8.583008310621272
299,stretch and flex - pineapple kale - 40,50,2.0
300,stretch and flex - pineapple kale - 40,16,9.106281685008835
301,stretch and flex - pineapple kale - 40,13,16.4623443743754
302,stretch and flex - pineapple kale - 40,61,5.777191363967464
303,stretch and flex - pineapple kale - 40,31,8.774751704750264
304,stretch and flex - pineapple kale - 40,32,11.555059272339442
305,gladiator - vanilla - 40,26,6.046629757669263
306,gladiator - chocolate - 40,24,2.466320513341265
307,gladiator - strawberry - 40,25,2.0
308,the activator recovery - blueberry tart cherry - 40,63,3.81756853367406
309,the activator recovery - blueberry tart cherry - 40,8,7.6780071043234495
310,the activator recovery - blueberry tart cherry - 40,4,17.578626039756962
311,the activator recovery - blueberry tart cherry - 40,13,4.749793024801494
312,the activator recovery - blueberry tart cherry - 40,52,4.198340947904915
313,the activator recovery - blueberry tart cherry - 40,26,12.305909008001336
314,the activator recovery - strawberry banana - 40,7,2.0
315,the activator recovery - strawberry banana - 40,59,2.0
316,the activator recovery - strawberry banana - 40,5,4.120216263144363
317,the activator recovery - strawberry banana - 40,13,2.212755408331568
318,the activator recovery - strawberry banana - 40,26,13.619374329156363
319,the activator recovery - strawberry banana - 40,52,3.3106778989216794
320,high intensity workout - chocolate cinnamon - 40,7,9.208901859045476
321,high intensity workout - chocolate cinnamon - 40,10,9.911961159296345
322,high intensity workout - chocolate cinnamon - 40,16,9.030578950892558
323,high intensity workout - chocolate cinnamon - 40,2,11.476893403408138
324,high intensity workout - chocolate cinnamon - 40,22,2.0
325,high intensity workout - chocolate cinnamon - 40,1,9.96693199476117
326,high intensity workout - chocolate cinnamon - 40,12,8.57681529793637
327,metabolism boost strawberry pineapple - 20,50,2.4476749030532856
328,metabolism boost strawberry pineapple - 20,59,2.075773274720169
329,metabolism boost strawberry pineapple - 20,34,6.356976181707756
330,metabolism boost strawberry pineapple - 20,26,1.0
331,metabolism boost strawberry pineapple - 20,52,4.388308686301336
332,metabolism boost strawberry pineapple - 20,39,5.572221657434122
333,metabolism boost strawberry pineapple - 20,21,6.6291837350957525
334,metabolism boost mango ginger - 20,37,3.319975070163091
335,metabolism boost mango ginger - 20,7,2.403213276941202
336,metabolism boost mango ginger - 20,57,4.565741609880385
337,metabolism boost mango ginger - 20,67,2.1706155767491717
338,metabolism boost mango ginger - 20,26,1.8268185069455714
339,metabolism boost mango ginger - 20,52,6.799626224807164
340,metabolism boost mango ginger - 20,23,3.3623334703877297
341,metabolism boost mango ginger - 20,39,1.0
342,metabolism boost mango ginger - 20,21,2.2363358235646045
343,slim - n - trim - chocolate - 20,7,5.719013081307426
344,slim - n - trim - chocolate - 20,42,1.0
345,slim - n - trim - chocolate - 20,52,5.1114271631010535
346,slim - n - trim - chocolate - 20,35,3.4786910578739967
347,slim - n - trim - chocolate - 20,24,2.457609995958331
348,slim - n - trim - chocolate - 20,1,2.6263130790891265
349,slim - n - trim - chocolate - 20,21,2.102600570328776
350,slim - n - trim - chocolate - 20,58,1.0
351,slim - n - trim - strawberry - 20,59,2.1685193712338355
352,slim - n - trim - strawberry - 20,26,2.8684232696927943
353,slim - n - trim - strawberry - 20,36,3.1051132980919385
354,slim - n - trim - strawberry - 20,52,7.000356562163897
355,slim - n - trim - strawberry - 20,58,4.166169188382699
356,slim - n - trim - strawberry - 20,21,2.6503174635870566
357,keto champ - berry - 20,8,1.2943929593493508
358,keto champ - berry - 20,55,5.840250481639954
359,keto champ - berry - 20,33,1.0
360,keto champ - berry - 20,2,1.5005529603053758
361,keto champ - berry - 20,1,4.5037568530073955
362,keto champ - berry - 20,10,3.5435767732506114
363,lean - chocolate - 20,7,6.638746373023547
364,lean - chocolate - 20,3,1.0
365,lean - chocolate - 20,35,4.738444352770053
366,lean - strawberry - 20,59,1.618984004344598
367,lean - strawberry - 20,36,1.5332453153796097
368,lean - strawberry - 20,58,2.8083648402226364
369,metabolism boost strawberry pineapple - 32,50,3.916279844885257
370,metabolism boost strawberry pineapple - 32,59,3.321237239552271
371,metabolism boost strawberry pineapple - 32,34,10.17116189073241
372,metabolism boost strawberry pineapple - 32,26,1.6
373,metabolism boost strawberry pineapple - 32,52,7.021293898082138
374,metabolism boost strawberry pineapple - 32,39,8.915554651894595
375,metabolism boost strawberry pineapple - 32,21,10.606693976153204
376,metabolism boost mango ginger - 32,37,5.311960112260945
377,metabolism boost mango ginger - 32,7,3.8451412431059233
378,metabolism boost mango ginger - 32,57,7.305186575808617
379,metabolism boost mango ginger - 32,67,3.472984922798675
380,metabolism boost mango ginger - 32,26,2.9229096111129143
381,metabolism boost mango ginger - 32,52,10.879401959691464
382,metabolism boost mango ginger - 32,23,5.379733552620368
383,metabolism boost mango ginger - 32,39,1.6
384,metabolism boost mango ginger - 32,21,3.5781373177033675
385,slim - n - trim - chocolate - 32,7,9.150420930091881
386,slim - n - trim - chocolate - 32,42,1.6
387,slim - n - trim - chocolate - 32,52,8.178283460961685
388,slim - n - trim - chocolate - 32,35,5.565905692598395
389,slim - n - trim - chocolate - 32,24,3.93217599353333
390,slim - n - trim - chocolate - 32,1,4.202100926542602
391,slim - n - trim - chocolate - 32,21,3.364160912526042
392,slim - n - trim - chocolate - 32,58,1.6
393,slim - n - trim - strawberry - 32,59,3.469630993974137
394,slim - n - trim - strawberry - 32,26,4.589477231508471
395,slim - n - trim - strawberry - 32,36,4.968181276947102
396,slim - n - trim - strawberry - 32,52,11.200570499462236
397,slim - n - trim - strawberry - 32,58,6.665870701412318
398,slim - n - trim - strawberry - 32,21,4.240507941739291
399,keto champ - berry - 32,8,2.0710287349589613
400,keto champ - berry - 32,55,9.344400770623926
401,keto champ - berry - 32,33,1.6
402,keto champ - berry - 32,2,2.4008847364886012
403,keto champ - berry - 32,1,7.206010964811833
404,keto champ - berry - 32,10,5.669722837200979
405,lean - chocolate - 32,7,10.621994196837676
406,lean - chocolate - 32,3,1.6
407,lean - chocolate - 32,35,7.581510964432084
408,lean - strawberry - 32,59,2.590374406951357
409,lean - strawberry - 32,36,2.453192504607376
410,lean - strawberry - 32,58,4.493383744356218
411,metabolism boost strawberry pineapple - 40,50,4.895349806106571
412,metabolism boost strawberry pineapple - 40,59,4.151546549440338
413,metabolism boost strawberry pineapple - 40,34,12.713952363415512
414,metabolism boost strawberry pineapple - 40,26,2.0
415,metabolism boost strawberry pineapple - 40,52,8.776617372602672
416,metabolism boost strawberry pineapple - 40,39,11.144443314868244
417,metabolism boost strawberry pineapple - 40,21,13.258367470191505
418,metabolism boost mango ginger - 40,37,6.639950140326182
419,metabolism boost mango ginger - 40,7,4.806426553882404
420,metabolism boost mango ginger - 40,57,9.13148321976077
421,metabolism boost mango ginger - 40,67,4.341231153498343
422,metabolism boost mango ginger - 40,26,3.6536370138911427
423,metabolism boost mango ginger - 40,52,13.599252449614328
424,metabolism boost mango ginger - 40,23,6.724666940775459
425,metabolism boost mango ginger - 40,39,2.0
426,metabolism boost mango ginger - 40,21,4.472671647129209
427,slim - n - trim - chocolate - 40,7,11.438026162614852
428,slim - n - trim - chocolate - 40,42,2.0
429,slim - n - trim - chocolate - 40,52,10.222854326202107
430,slim - n - trim - chocolate - 40,35,6.957382115747993
431,slim - n - trim - chocolate - 40,24,4.915219991916662
432,slim - n - trim - chocolate - 40,1,5.252626158178253
433,slim - n - trim - chocolate - 40,21,4.205201140657552
434,slim - n - trim - chocolate - 40,58,2.0
435,slim - n - trim - strawberry - 40,59,4.337038742467671
436,slim - n - trim - strawberry - 40,26,5.7368465393855885
437,slim - n - trim - strawberry - 40,36,6.210226596183877
438,slim - n - trim - strawberry - 40,52,14.000713124327794
439,slim - n - trim - strawberry - 40,58,8.332338376765398
440,slim - n - trim - strawberry - 40,21,5.300634927174113
441,keto champ - berry - 40,8,2.5887859186987017
442,keto champ - berry - 40,55,11.680500963279908
443,keto champ - berry - 40,33,2.0
444,keto champ - berry - 40,2,3.0011059206107515
445,keto champ - berry - 40,1,9.007513706014791
446,keto champ - berry - 40,10,7.087153546501223
447,lean - chocolate - 40,7,13.277492746047095
448,lean - chocolate - 40,3,2.0
449,lean - chocolate - 40,35,9.476888705540105
450,lean - strawberry - 40,59,3.237968008689196
451,lean - strawberry - 40,36,3.0664906307592195
452,lean - strawberry - 40,58,5.616729680445273
453,vegan - pineapple spinach - 20,61,1.7439940933160287
454,vegan - pineapple spinach - 20,50,5.5205014180228105
455,vegan - pineapple spinach - 20,57,1.0
456,vegan - pineapple spinach - 20,7,3.919894304694738
457,vegan - pineapple spinach - 20,6,6.052055850405364
458,vegan - pineapple spinach - 20,11,1.7919366167022217
459,vegan - pineapple spinach - 20,67,2.9554833634400994
460,vegan - pineapple spinach - 20,3,3.6055347707431658
461,vegan - pineapple spinach - 20,58,6.130067864990485
462,vegan - mango kale - 20,61,3.0199875293929628
463,vegan - mango kale - 20,37,2.054609008135364
464,vegan - mango kale - 20,32,2.6303877658115336
465,vegan - mango kale - 20,7,1.478453946697487
466,vegan - mango kale - 20,6,2.6219583677590395
467,vegan - mango kale - 20,5,1.0881557357056277
468,vegan - mango kale - 20,3,3.873180165298329
469,vegan - nutty super grain - 20,61,1.0
470,vegan - nutty super grain - 20,47,3.893718407680077
471,vegan - nutty super grain - 20,7,2.5213749773761074
472,vegan - nutty super grain - 20,10,5.154955290247852
473,vegan - nutty super grain - 20,5,1.0
474,vegan - nutty super grain - 20,62,2.442395823171429
475,vegan - nutty super grain - 20,1,2.621405549655824
476,vegan - mixed berry - 20,61,1.9807955956365368
477,vegan - mixed berry - 20,59,1.0
478,vegan - mixed berry - 20,8,1.0
479,vegan - mixed berry - 20,55,1.0
480,vegan - mixed berry - 20,7,2.411968932348506
481,vegan - mixed berry - 20,62,1.0
482,vegan - mixed berry - 20,44,1.0807430105326217
483,vegan - mixed berry - 20,4,1.0
484,vegan - mixed berry - 20,48,1.5084034950832483
485,veggie - apple kiwi kale - 20,32,2.2839804170612688
486,veggie - apple kiwi kale - 20,7,5.2106266020249405
487,veggie - apple kiwi kale - 20,5,1.0
488,veggie - apple kiwi kale - 20,34,5.128235985721728
489,veggie - apple kiwi kale - 20,18,4.620358375034496
490,veggie - lemon ginger spinach - 20,57,4.578887409799115
491,veggie - lemon ginger spinach - 20,11,5.682357299716806
492,veggie - lemon ginger spinach - 20,32,4.4186425380938665
493,veggie - lemon ginger spinach - 20,23,3.063664210421728
494,veggie - lemon ginger spinach - 20,37,3.784626731411594
495,veggie - lemon ginger spinach - 20,50,4.855079593356805
496,veggie - lemon ginger spinach - 20,67,1.3685577447425339
497,veggie - lemon ginger spinach - 20,46,1.781577735294119
498,veggie - lemon ginger spinach - 20,58,2.711324462026278
499,greek yogurt - pineapple mango - 20,27,4.926526738534233
500,greek yogurt - pineapple mango - 20,52,2.7427427263057056
501,greek yogurt - pineapple mango - 20,21,3.2496118982025965
502,greek yogurt - pineapple mango - 20,37,4.172457602575708
503,greek yogurt - pineapple mango - 20,50,2.9396656064289814
504,greek yogurt - pineapple mango - 20,49,5.654810385706654
505,greek yogurt - pineapple mango - 20,6,1.4842307765092015
506,greek yogurt - strawberry blueberry - 20,27,2.8746197409464007
507,greek yogurt - strawberry blueberry - 20,52,2.963261194601112
508,greek yogurt - strawberry blueberry - 20,21,1.5989554858094017
509,greek yogurt - strawberry blueberry - 20,59,2.48840322951073
510,greek yogurt - strawberry blueberry - 20,8,2.447662242468506
511,greek yogurt - strawberry blueberry - 20,4,4.758158015784449
512,greek yogurt - strawberry blueberry - 20,48,4.244575708355198
513,immune builder - mixed berry - 20,7,2.8383063660956567
514,immune builder - mixed berry - 20,59,1.5743917642790926
515,immune builder - mixed berry - 20,55,2.3122755064126808
516,immune builder - mixed berry - 20,8,4.2126772246372886
517,immune builder - mixed berry - 20,4,2.2332103265167222
518,immune builder - mixed berry - 20,10,1.0
519,immune builder - mixed berry - 20,48,4.906109511049717
520,immune builder - mixed berry - 20,30,1.2303663060720325
521,immunie builder - orange - 20,7,5.9897955070910704
522,immunie builder - orange - 20,37,1.9567545761815044
523,immunie builder - orange - 20,6,2.489275492858027
524,immunie builder - orange - 20,45,2.1367323352689302
525,immunie builder - orange - 20,30,3.0235634822937
526,daily warrior - 20,7,1.0
527,daily warrior - 20,8,3.5562402285008003
528,daily warrior - 20,4,1.691203470211131
529,daily warrior - 20,16,6.388457624764036
530,daily warrior - 20,47,1.550222623891904
531,daily warrior - 20,3,3.2936677016282974
532,daily warrior - 20,58,3.3936865419966975
533,daily warrior - 20,57,1.0
534,vegan - pineapple spinach - 32,61,2.7903905493056462
535,vegan - pineapple spinach - 32,50,8.832802268836497
536,vegan - pineapple spinach - 32,57,1.6
537,vegan - pineapple spinach - 32,7,6.271830887511581
538,vegan - pineapple spinach - 32,6,9.683289360648583
539,vegan - pineapple spinach - 32,11,2.867098586723555
540,vegan - pineapple spinach - 32,67,4.728773381504159
541,vegan - pineapple spinach - 32,3,5.768855633189066
542,vegan - pineapple spinach - 32,58,9.808108583984776
543,vegan - mango kale - 32,61,4.831980047028741
544,vegan - mango kale - 32,37,3.2873744130165825
545,vegan - mango kale - 32,32,4.208620425298454
546,vegan - mango kale - 32,7,2.3655263147159795
547,vegan - mango kale - 32,6,4.1951333884144635
548,vegan - mango kale - 32,5,1.7410491771290044
549,vegan - mango kale - 32,3,6.197088264477326
550,vegan - nutty super grain - 32,61,1.6
551,vegan - nutty super grain - 32,47,6.229949452288124
552,vegan - nutty super grain - 32,7,4.034199963801772
553,vegan - nutty super grain - 32,10,8.247928464396564
554,vegan - nutty super grain - 32,5,1.6
555,vegan - nutty super grain - 32,62,3.907833317074287
556,vegan - nutty super grain - 32,1,4.194248879449319
557,vegan - mixed berry - 32,61,3.169272953018459
558,vegan - mixed berry - 32,59,1.6
559,vegan - mixed berry - 32,8,1.6
560,vegan - mixed berry - 32,55,1.6
561,vegan - mixed berry - 32,7,3.8591502917576097
562,vegan - mixed berry - 32,62,1.6
563,vegan - mixed berry - 32,44,1.7291888168521947
564,vegan - mixed berry - 32,4,1.6
565,vegan - mixed berry - 32,48,2.4134455921331974
566,veggie - apple kiwi kale - 32,32,3.65436866729803
567,veggie - apple kiwi kale - 32,7,8.337002563239905
568,veggie - apple kiwi kale - 32,5,1.6
569,veggie - apple kiwi kale - 32,34,8.205177577154766
570,veggie - apple kiwi kale - 32,18,7.392573400055195
571,veggie - lemon ginger spinach - 32,57,7.326219855678584
572,veggie - lemon ginger spinach - 32,11,9.09177167954689
573,veggie - lemon ginger spinach - 32,32,7.0698280609501865
574,veggie - lemon ginger spinach - 32,23,4.901862736674765
575,veggie - lemon ginger spinach - 32,37,6.05540277025855
576,veggie - lemon ginger spinach - 32,50,7.768127349370889
577,veggie - lemon ginger spinach - 32,67,2.1896923915880544
578,veggie - lemon ginger spinach - 32,46,2.8505243764705903
579,veggie - lemon ginger spinach - 32,58,4.338119139242045
580,greek yogurt - pineapple mango - 32,27,7.882442781654773
581,greek yogurt - pineapple mango - 32,52,4.388388362089129
582,greek yogurt - pineapple mango - 32,21,5.199379037124155
583,greek yogurt - pineapple mango - 32,37,6.675932164121133
584,greek yogurt - pineapple mango - 32,50,4.703464970286371
585,greek yogurt - pineapple mango - 32,49,9.047696617130645
586,greek yogurt - pineapple mango - 32,6,2.3747692424147226
587,greek yogurt - strawberry blueberry - 32,27,4.599391585514241
588,greek yogurt - strawberry blueberry - 32,52,4.741217911361779
589,greek yogurt - strawberry blueberry - 32,21,2.558328777295043
590,greek yogurt - strawberry blueberry - 32,59,3.981445167217168
591,greek yogurt - strawberry blueberry - 32,8,3.9162595879496096
592,greek yogurt - strawberry blueberry - 32,4,7.613052825255119
593,greek yogurt - strawberry blueberry - 32,48,6.791321133368317
594,immune builder - mixed berry - 32,7,4.541290185753051
595,immune builder - mixed berry - 32,59,2.5190268228465484
596,immune builder - mixed berry - 32,55,3.6996408102602896
597,immune builder - mixed berry - 32,8,6.740283559419662
598,immune builder - mixed berry - 32,4,3.573136522426756
599,immune builder - mixed berry - 32,10,1.6
600,immune builder - mixed berry - 32,48,7.8497752176795474
601,immune builder - mixed berry - 32,30,1.968586089715252
602,immunie builder - orange - 32,7,9.583672811345712
603,immunie builder - orange - 32,37,3.130807321890407
604,immunie builder - orange - 32,6,3.9828407885728434
605,immunie builder - orange - 32,45,3.4187717364302888
606,immunie builder - orange - 32,30,4.83770157166992
607,daily warrior - 32,7,1.6
608,daily warrior - 32,8,5.689984365601281
609,daily warrior - 32,4,2.70592555233781
610,daily warrior - 32,16,10.221532199622459
611,daily warrior - 32,47,2.4803561982270463
612,daily warrior - 32,3,5.2698683226052765
613,daily warrior - 32,58,5.429898467194716
614,daily warrior - 32,57,1.6
615,vegan - pineapple spinach - 40,61,3.4879881866320575
616,vegan - pineapple spinach - 40,50,11.041002836045621
617,vegan - pineapple spinach - 40,57,2.0
618,vegan - pineapple spinach - 40,7,7.839788609389476
619,vegan - pineapple spinach - 40,6,12.104111700810728
620,vegan - pineapple spinach - 40,11,3.5838732334044434
621,vegan - pineapple spinach - 40,67,5.910966726880199
622,vegan - pineapple spinach - 40,3,7.2110695414863315
623,vegan - pineapple spinach - 40,58,12.26013572998097
624,vegan - mango kale - 40,61,6.0399750587859256
625,vegan - mango kale - 40,37,4.109218016270728
626,vegan - mango kale - 40,32,5.260775531623067
627,vegan - mango kale - 40,7,2.956907893394974
628,vegan - mango kale - 40,6,5.243916735518079
629,vegan - mango kale - 40,5,2.1763114714112555
630,vegan - mango kale - 40,3,7.746360330596658
631,vegan - nutty super grain - 40,61,2.0
632,vegan - nutty super grain - 40,47,7.787436815360154
633,vegan - nutty super grain - 40,7,5.042749954752215
634,vegan - nutty super grain - 40,10,10.309910580495703
635,vegan - nutty super grain - 40,5,2.0
636,vegan - nutty super grain - 40,62,4.884791646342858
637,vegan - nutty super grain - 40,1,5.242811099311648
638,vegan - mixed berry - 40,61,3.9615911912730737
639,vegan - mixed berry - 40,59,2.0
640,vegan - mixed berry - 40,8,2.0
641,vegan - mixed berry - 40,55,2.0
642,vegan - mixed berry - 40,7,4.823937864697012
643,vegan - mixed berry - 40,62,2.0
644,vegan - mixed berry - 40,44,2.1614860210652433
645,vegan - mixed berry - 40,4,2.0
646,vegan - mixed berry - 40,48,3.0168069901664967
647,veggie - apple kiwi kale - 40,32,4.5679608341225375
648,veggie - apple kiwi kale - 40,7,10.421253204049881
649,veggie - apple kiwi kale - 40,5,2.0
650,veggie - apple kiwi kale - 40,34,10.256471971443457
651,veggie - apple kiwi kale - 40,18,9.240716750068993
652,veggie - lemon ginger spinach - 40,57,9.15777481959823
653,veggie - lemon ginger spinach - 40,11,11.364714599433611
654,veggie - lemon ginger spinach - 40,32,8.837285076187733
655,veggie - lemon ginger spinach - 40,23,6.127328420843456
656,veggie - lemon ginger spinach - 40,37,7.569253462823188
657,veggie - lemon ginger spinach - 40,50,9.71015918671361
658,veggie - lemon ginger spinach - 40,67,2.7371154894850678
659,veggie - lemon ginger spinach - 40,46,3.563155470588238
660,veggie - lemon ginger spinach - 40,58,5.422648924052556
661,greek yogurt - pineapple mango - 40,27,9.853053477068466
662,greek yogurt - pineapple mango - 40,52,5.485485452611411
663,greek yogurt - pineapple mango - 40,21,6.499223796405193
664,greek yogurt - pineapple mango - 40,37,8.344915205151416
665,greek yogurt - pineapple mango - 40,50,5.879331212857963
666,greek yogurt - pineapple mango - 40,49,11.309620771413307
667,greek yogurt - pineapple mango - 40,6,2.968461553018403
668,greek yogurt - strawberry blueberry - 40,27,5.749239481892801
669,greek yogurt - strawberry blueberry - 40,52,5.926522389202224
670,greek yogurt - strawberry blueberry - 40,21,3.1979109716188034
671,greek yogurt - strawberry blueberry - 40,59,4.97680645902146
672,greek yogurt - strawberry blueberry - 40,8,4.895324484937012
673,greek yogurt - strawberry blueberry - 40,4,9.516316031568898
674,greek yogurt - strawberry blueberry - 40,48,8.489151416710396
675,immune builder - mixed berry - 40,7,5.676612732191313
676,immune builder - mixed berry - 40,59,3.148783528558185
677,immune builder - mixed berry - 40,55,4.6245510128253615
678,immune builder - mixed berry - 40,8,8.425354449274577
679,immune builder - mixed berry - 40,4,4.4664206530334445
680,immune builder - mixed berry - 40,10,2.0
681,immune builder - mixed berry - 40,48,9.812219022099434
682,immune builder - mixed berry - 40,30,2.460732612144065
683,immunie builder - orange - 40,7,11.979591014182141
684,immunie builder - orange - 40,37,3.913509152363009
685,immunie builder - orange - 40,6,4.978550985716054
686,immunie builder - orange - 40,45,4.2734646705378605
687,immunie builder - orange - 40,30,6.0471269645874
688,daily warrior - 40,7,2.0
689,daily warrior - 40,8,7.112480457001601
690,daily warrior - 40,4,3.382406940422262
691,daily warrior - 40,16,12.776915249528072
692,daily warrior - 40,47,3.100445247783808
693,daily warrior - 40,3,6.587335403256595
694,daily warrior - 40,58,6.787373083993395
695,daily warrior - 40,57,2.0
696,angel food - 20,60,1.0233188342378252
697,angel food - 20,7,5.545789438479621
698,angel food - 20,42,4.541376071394104
699,angel food - 20,64,1.0
700,angel food slim - 20,59,1.3692910490518675
701,angel food slim - 20,7,4.240215191074549
702,angel food slim - 20,48,2.87859065764031
703,angel food slim - 20,52,5.427738873583224
704,angel food slim - 20,58,4.670508211876762
705,pineapple surf - 20,50,9.359493765318216
706,pineapple surf - 20,60,2.6491967995512518
707,pineapple surf - 20,34,2.4890628540841035
708,pineapple surf - 20,15,4.782871827836209
709,pineapple surf - 20,64,4.988545073663049
710,caribbean way - 20,60,6.74370764057872
711,caribbean way - 20,7,4.220802055775808
712,caribbean way - 20,46,4.825338649701762
713,caribbean way - 20,64,3.123206309496326
714,banana boat - 20,7,7.425255600730063
715,banana boat - 20,65,6.023311623314051
716,banana boat - 20,15,2.2232677014146747
717,banana boat - 20,64,3.0296011729381025
718,banana berry treat - 20,7,1.0650882289775057
719,banana berry treat - 20,60,4.344929403100805
720,banana berry treat - 20,55,4.005695736349309
721,banana berry treat - 20,46,2.9816515544029842
722,banana berry treat - 20,15,4.71111638994153
723,strawberry kiwi breeze - 20,60,7.032739962971536
724,strawberry kiwi breeze - 20,34,6.243261082132946
725,strawberry kiwi breeze - 20,46,6.5195451515051595
726,strawberry kiwi breeze - 20,15,3.251428241462569
727,lemon twist strawberry - 20,60,2.520337058657754
728,lemon twist strawberry - 20,67,7.6962708211495166
729,lemon twist strawberry - 20,46,7.8299857677291484
730,lemon twist strawberry - 20,64,6.220154196754677
731,island impact - 20,37,1.2163311442493905
732,island impact - 20,50,2.6724771672993732
733,island impact - 20,46,8.149093339148482
734,island impact - 20,52,6.30067399757706
735,island impact - 20,6,5.0886152261423225
736,x-treme - tart cherry - 20,63,3.7983257260589323
737,x-treme - tart cherry - 20,7,3.8089902147957706
738,x-treme - tart cherry - 20,49,6.047081219782777
739,x-treme - tart cherry - 20,15,2.7480649126246646
740,x-treme - tart cherry - 20,64,1.0
741,x-treme - strawberry - 20,60,2.686765127174871
742,x-treme - strawberry - 20,46,4.816628425898618
743,x-treme - orange - 20,45,5.380460728219395
744,x-treme - orange - 20,7,4.7905272304246616
745,x-treme - orange - 20,6,2.3294096505128308
746,x-treme - orange - 20,18,5.724869727182313
747,x-treme - orange - 20,64,6.31022765713961
748,kindness in a cup - 20,60,9.012150719885394
749,kindness in a cup - 20,7,3.285195348778312
750,kindness in a cup - 20,45,6.83820758499694
751,kindness in a cup - 20,64,1.0
752,angel food - 32,60,1.6373101347805203
753,angel food - 32,7,8.873263101567394
754,angel food - 32,42,7.266201714230566
755,angel food - 32,64,1.6
756,angel food slim - 32,59,2.190865678482988
757,angel food slim - 32,7,6.784344305719279
758,angel food slim - 32,48,4.6057450522244965
759,angel food slim - 32,52,8.684382197733159
760,angel food slim - 32,58,7.47281313900282
761,pineapple surf - 32,50,14.975190024509146
762,pineapple surf - 32,60,4.238714879282003
763,pineapple surf - 32,34,3.982500566534566
764,pineapple surf - 32,15,7.652594924537934
765,pineapple surf - 32,64,7.981672117860879
766,caribbean way - 32,60,10.789932224925954
767,caribbean way - 32,7,6.753283289241293
768,caribbean way - 32,46,7.72054183952282
769,caribbean way - 32,64,4.997130095194122
770,banana boat - 32,7,11.8804089611681
771,banana boat - 32,65,9.637298597302483
772,banana boat - 32,15,3.5572283222634797
773,banana boat - 32,64,4.8473618767009645
774,banana berry treat - 32,7,1.7041411663640091
775,banana berry treat - 32,60,6.951887044961288
776,banana berry treat - 32,55,6.409113178158894
777,banana berry treat - 32,46,4.770642487044775
778,banana berry treat - 32,15,7.537786223906449
779,strawberry kiwi breeze - 32,60,11.252383940754457
780,strawberry kiwi breeze - 32,34,9.989217731412715
781,strawberry kiwi breeze - 32,46,10.431272242408255
782,strawberry kiwi breeze - 32,15,5.20228518634011
783,lemon twist strawberry - 32,60,4.032539293852406
784,lemon twist strawberry - 32,67,12.314033313839227
785,lemon twist strawberry - 32,46,12.527977228366638
786,lemon twist strawberry - 32,64,9.952246714807485
787,island impact - 32,37,1.946129830799025
788,island impact - 32,50,4.275963467678998
789,island impact - 32,46,13.038549342637573
790,island impact - 32,52,10.081078396123296
791,island impact - 32,6,8.141784361827716
792,x-treme - tart cherry - 32,63,6.077321161694292
793,x-treme - tart cherry - 32,7,6.094384343673234
794,x-treme - tart cherry - 32,49,9.675329951652444
795,x-treme - tart cherry - 32,15,4.396903860199464
796,x-treme - tart cherry - 32,64,1.6
797,x-treme - strawberry - 32,60,4.298824203479794
798,x-treme - strawberry - 32,46,7.70660548143779
799,x-treme - orange - 32,45,8.608737165151032
800,x-treme - orange - 32,7,7.6648435686794585
801,x-treme - orange - 32,6,3.7270554408205294
802,x-treme - orange - 32,18,9.1597915634917
803,x-treme - orange - 32,64,10.096364251423376
804,kindness in a cup - 32,60,14.419441151816631
805,kindness in a cup - 32,7,5.256312558045299
806,kindness in a cup - 32,45,10.941132135995105
807,kindness in a cup - 32,64,1.6
808,angel food - 40,60,2.0466376684756504
809,angel food - 40,7,11.091578876959241
810,angel food - 40,42,9.082752142788207
811,angel food - 40,64,2.0
812,angel food slim - 40,59,2.738582098103735
813,angel food slim - 40,7,8.480430382149098
814,angel food slim - 40,48,5.75718131528062
815,angel food slim - 40,52,10.855477747166448
816,angel food slim - 40,58,9.341016423753524
817,pineapple surf - 40,50,18.718987530636433
818,pineapple surf - 40,60,5.2983935991025035
819,pineapple surf - 40,34,4.978125708168207
820,pineapple surf - 40,15,9.565743655672417
821,pineapple surf - 40,64,9.977090147326098
822,caribbean way - 40,60,13.48741528115744
823,caribbean way - 40,7,8.441604111551616
824,caribbean way - 40,46,9.650677299403524
825,caribbean way - 40,64,6.246412618992652
826,banana boat - 40,7,14.850511201460126
827,banana boat - 40,65,12.046623246628101
828,banana boat - 40,15,4.446535402829349
829,banana boat - 40,64,6.059202345876205
830,banana berry treat - 40,7,2.1301764579550113
831,banana berry treat - 40,60,8.68985880620161
832,banana berry treat - 40,55,8.011391472698618
833,banana berry treat - 40,46,5.9633031088059685
834,banana berry treat - 40,15,9.42223277988306
835,strawberry kiwi breeze - 40,60,14.065479925943071
836,strawberry kiwi breeze - 40,34,12.486522164265892
837,strawberry kiwi breeze - 40,46,13.039090303010319
838,strawberry kiwi breeze - 40,15,6.502856482925138
839,lemon twist strawberry - 40,60,5.040674117315508
840,lemon twist strawberry - 40,67,15.392541642299033
841,lemon twist strawberry - 40,46,15.659971535458297
842,lemon twist strawberry - 40,64,12.440308393509355
843,island impact - 40,37,2.432662288498781
844,island impact - 40,50,5.3449543345987465
845,island impact - 40,46,16.298186678296965
846,island impact - 40,52,12.60134799515412
847,island impact - 40,6,10.177230452284645
848,x-treme - tart cherry - 40,63,7.5966514521178645
849,x-treme - tart cherry - 40,7,7.617980429591541
850,x-treme - tart cherry - 40,49,12.094162439565554
851,x-treme - tart cherry - 40,15,5.496129825249329
852,x-treme - tart cherry - 40,64,2.0
853,x-treme - strawberry - 40,60,5.373530254349742
854,x-treme - strawberry - 40,46,9.633256851797237
855,x-treme - orange - 40,45,10.76092145643879
856,x-treme - orange - 40,7,9.581054460849323
857,x-treme - orange - 40,6,4.6588193010256616
858,x-treme - orange - 40,18,11.449739454364625
859,x-treme - orange - 40,64,12.62045531427922
860,kindness in a cup - 40,60,18.024301439770788
861,kindness in a cup - 40,7,6.570390697556624
862,kindness in a cup - 40,45,13.67641516999388
863,kindness in a cup - 40,64,2.0
