menu_item_id,product_id,quantity
coffee high protein - almond mocha - 20,14,1.0
coffee high protein - almond mocha - 20,16,5.061949436872281
coffee high protein - almond mocha - 20,42,3.550588414087657
coffee high protein - almond mocha - 20,15,1.0358237775220716
coffee high protein - almond mocha - 20,3,1.0
coffee high protein - almond mocha - 20,66,2.5153324569913083
coffee high protein - almond mocha - 20,1,2.150644728826115
coffee high protein - almond mocha - 20,77,1.0
coffee high protein - almond mocha - 20,80,1.0
gladiator - coffee - 20,7,3.8828468702673975
gladiator - coffee - 20,24,4.282821214891486
gladiator - coffee - 20,14,2.4307053601431448
gladiator - coffee - 20,77,1.0
gladiator - coffee - 20,80,1.0
keto champ - coffee - 20,14,5.274800974111198
keto champ - coffee - 20,33,1.0
keto champ - coffee - 20,2,2.830739518855435
keto champ - coffee - 20,10,6.680445630498102
keto champ - coffee - 20,1,3.111358109767065
keto champ - coffee - 20,77,1.0
keto champ - coffee - 20,80,1.0
pure recharge - mango strawberry - 20,59,2.223116289264909
pure recharge - mango strawberry - 20,37,4.866204944014184
pure recharge - mango strawberry - 20,6,5.72863957547209
pure recharge - mango strawberry - 20,54,5.700633316936123
pure recharge - mango strawberry - 20,18,2.9756381890481967
pure recharge - mango strawberry - 20,77,1.0
pure recharge - mango strawberry - 20,80,1.0
pure recharge - pineapple - 20,7,1.0
pure recharge - pineapple - 20,50,2.3123830900301887
pure recharge - pineapple - 20,54,3.2397762728833075
pure recharge - pineapple - 20,6,2.8760333517645145
pure recharge - pineapple - 20,43,1.104054323404996
pure recharge - pineapple - 20,77,1.0
pure recharge - pineapple - 20,80,1.0
the activator - recovery coffee - 20,14,4.51660578587618
the activator - recovery coffee - 20,24,1.0
the activator - recovery coffee - 20,52,5.077300511764754
the activator - recovery coffee - 20,7,2.506113325890819
the activator - recovery coffee - 20,13,5.659651334623462
the activator - recovery coffee - 20,42,2.01951891933892
the activator - recovery coffee - 20,77,1.0
the activator - recovery coffee - 20,80,1.0
the hulk - coffee - 20,7,2.549823143304806
the hulk - coffee - 20,14,3.20227692884914
the hulk - coffee - 20,64,2.72749437085376
the hulk - coffee - 20,29,1.0
the hulk - coffee - 20,9,3.1349724021332794
the hulk - coffee - 20,77,1.0
the hulk - coffee - 20,80,1.0
vegan coffee mocha - 20,7,5.236972499635632
vegan coffee mocha - 20,16,2.5435491085382576
vegan coffee mocha - 20,44,1.0
vegan coffee mocha - 20,14,1.0
vegan coffee mocha - 20,1,4.281852638602475
vegan coffee mocha - 20,61,1.0
vegan coffee mocha - 20,77,1.0
vegan coffee mocha - 20,80,1.0
coffee high protein - almond mocha - 32,14,1.6
coffee high protein - almond mocha - 32,16,8.099119098995649
coffee high protein - almond mocha - 32,42,5.680941462540251
coffee high protein - almond mocha - 32,15,1.6573180440353146
coffee high protein - almond mocha - 32,3,1.6
coffee high protein - almond mocha - 32,66,4.024531931186093
coffee high protein - almond mocha - 32,1,3.441031566121784
coffee high protein - almond mocha - 32,78,1.0
coffee high protein - almond mocha - 32,80,1.0
gladiator - coffee - 32,7,6.212554992427837
gladiator - coffee - 32,24,6.852513943826378
gladiator - coffee - 32,14,3.889128576229032
gladiator - coffee - 32,78,1.0
gladiator - coffee - 32,80,1.0
keto champ - coffee - 32,14,8.439681558577917
keto champ - coffee - 32,33,1.6
keto champ - coffee - 32,2,4.529183230168696
keto champ - coffee - 32,10,10.688713008796965
keto champ - coffee - 32,1,4.978172975627304
keto champ - coffee - 32,78,1.0
keto champ - coffee - 32,80,1.0
pure recharge - mango strawberry - 32,59,3.5569860628238548
pure recharge - mango strawberry - 32,37,7.785927910422695
pure recharge - mango strawberry - 32,6,9.165823320755344
pure recharge - mango strawberry - 32,54,9.121013307097796
pure recharge - mango strawberry - 32,18,4.761021102477115
pure recharge - mango strawberry - 32,78,1.0
pure recharge - mango strawberry - 32,80,1.0
pure recharge - pineapple - 32,7,1.6
pure recharge - pineapple - 32,50,3.6998129440483023
pure recharge - pineapple - 32,54,5.183642036613293
pure recharge - pineapple - 32,6,4.601653362823224
pure recharge - pineapple - 32,43,1.7664869174479936
pure recharge - pineapple - 32,78,1.0
pure recharge - pineapple - 32,80,1.0
the activator - recovery coffee - 32,14,7.226569257401889
the activator - recovery coffee - 32,24,1.6
the activator - recovery coffee - 32,52,8.123680818823606
the activator - recovery coffee - 32,7,4.009781321425311
the activator - recovery coffee - 32,13,9.05544213539754
the activator - recovery coffee - 32,42,3.2312302709422727
the activator - recovery coffee - 32,78,1.0
the activator - recovery coffee - 32,80,1.0
the hulk - coffee - 32,7,4.07971702928769
the hulk - coffee - 32,14,5.123643086158624
the hulk - coffee - 32,64,4.363990993366016
the hulk - coffee - 32,29,1.6
the hulk - coffee - 32,9,5.015955843413248
the hulk - coffee - 32,78,1.0
the hulk - coffee - 32,80,1.0
vegan coffee mocha - 32,7,8.379155999417012
vegan coffee mocha - 32,16,4.069678573661212
vegan coffee mocha - 32,44,1.6
vegan coffee mocha - 32,14,1.6
vegan coffee mocha - 32,1,6.85096422176396
vegan coffee mocha - 32,61,1.6
vegan coffee mocha - 32,78,1.0
vegan coffee mocha - 32,80,1.0
coffee high protein - almond mocha - 40,14,2.0
coffee high protein - almond mocha - 40,16,10.123898873744562
coffee high protein - almond mocha - 40,42,7.101176828175314
coffee high protein - almond mocha - 40,15,2.071647555044143
coffee high protein - almond mocha - 40,3,2.0
coffee high protein - almond mocha - 40,66,5.0306649139826165
coffee high protein - almond mocha - 40,1,4.30128945765223
coffee high protein - almond mocha - 40,79,1.0
coffee high protein - almond mocha - 40,80,1.0
gladiator - coffee - 40,7,7.765693740534795
gladiator - coffee - 40,24,8.565642429782972
gladiator - coffee - 40,14,4.8614107202862895
gladiator - coffee - 40,79,1.0
gladiator - coffee - 40,80,1.0
keto champ - coffee - 40,14,10.549601948222396
keto champ - coffee - 40,33,2.0
keto champ - coffee - 40,2,5.66147903771087
keto champ - coffee - 40,10,13.360891260996205
keto champ - coffee - 40,1,6.22271621953413
keto champ - coffee - 40,79,1.0
keto champ - coffee - 40,80,1.0
pure recharge - mango strawberry - 40,59,4.446232578529818
pure recharge - mango strawberry - 40,37,9.732409888028368
pure recharge - mango strawberry - 40,6,11.45727915094418
pure recharge - mango strawberry - 40,54,11.401266633872249
pure recharge - mango strawberry - 40,18,5.951276378096393
pure recharge - mango strawberry - 40,79,1.0
pure recharge - mango strawberry - 40,80,1.0
pure recharge - pineapple - 40,7,2.0
pure recharge - pineapple - 40,50,4.624766180060377
pure recharge - pineapple - 40,54,6.479552545766615
pure recharge - pineapple - 40,6,5.752066703529029
pure recharge - pineapple - 40,43,2.208108646809992
pure recharge - pineapple - 40,79,1.0
pure recharge - pineapple - 40,80,1.0
the activator - recovery coffee - 40,14,9.03321157175236
the activator - recovery coffee - 40,24,2.0
the activator - recovery coffee - 40,52,10.154601023529509
the activator - recovery coffee - 40,7,5.012226651781638
the activator - recovery coffee - 40,13,11.319302669246923
the activator - recovery coffee - 40,42,4.0390378386778405
the activator - recovery coffee - 40,79,1.0
the activator - recovery coffee - 40,80,1.0
the hulk - coffee - 40,7,5.099646286609612
the hulk - coffee - 40,14,6.40455385769828
the hulk - coffee - 40,64,5.45498874170752
the hulk - coffee - 40,29,2.0
the hulk - coffee - 40,9,6.269944804266559
the hulk - coffee - 40,79,1.0
the hulk - coffee - 40,80,1.0
vegan coffee mocha - 40,7,10.473944999271264
vegan coffee mocha - 40,16,5.087098217076515
vegan coffee mocha - 40,44,2.0
vegan coffee mocha - 40,14,2.0
vegan coffee mocha - 40,1,8.56370527720495
vegan coffee mocha - 40,61,2.0
vegan coffee mocha - 40,79,1.0
vegan coffee mocha - 40,80,1.0
the hulk - vanilla - 20,7,1.0
the hulk - vanilla - 20,64,3.6203633519895577
the hulk - vanilla - 20,29,1.0
the hulk - vanilla - 20,9,4.104580944974023
the hulk - vanilla - 20,77,1.0
the hulk - vanilla - 20,80,1.0
the hulk - chocolate - 20,7,1.010524737845179
the hulk - chocolate - 20,1,2.6302213297210613
the hulk - chocolate - 20,29,1.0
the hulk - chocolate - 20,64,4.077725115619439
the hulk - chocolate - 20,9,1.0
the hulk - chocolate - 20,77,1.0
the hulk - chocolate - 20,80,1.0
the hulk - strawberry - 20,7,2.8711765264057068
the hulk - strawberry - 20,60,6.638077898670454
the hulk - strawberry - 20,64,1.0
the hulk - strawberry - 20,29,1.6475755625860156
the hulk - strawberry - 20,9,2.962855660841301
the hulk - strawberry - 20,77,1.0
the hulk - strawberry - 20,80,1.0
peanut power plus - chocolate - 20,7,4.710312968273263
peanut power plus - chocolate - 20,47,4.76820375419554
peanut power plus - chocolate - 20,16,1.0
peanut power plus - chocolate - 20,42,7.404208562274698
peanut power plus - chocolate - 20,52,1.2337951073449245
peanut power plus - chocolate - 20,1,3.821063522877048
peanut power plus - chocolate - 20,77,1.0
peanut power plus - chocolate - 20,80,1.0
peanut power plus - strawberry - 20,7,1.3042509663154267
peanut power plus - strawberry - 20,59,1.704407721337091
peanut power plus - strawberry - 20,47,1.3491244862464749
peanut power plus - strawberry - 20,16,4.271806471715014
peanut power plus - strawberry - 20,42,4.227389890401302
peanut power plus - strawberry - 20,52,6.855130797555888
peanut power plus - strawberry - 20,64,1.0
peanut power plus - strawberry - 20,77,1.0
peanut power plus - strawberry - 20,80,1.0
power punch plus - 20,7,1.575303223113678
power punch plus - 20,59,9.548072966357742
power punch plus - 20,43,2.567002249188057
power punch plus - 20,64,4.718480618737956
power punch plus - 20,77,1.0
power punch plus - 20,80,1.0
stretch and flex - tart cherry -  20,7,4.228745933390627
stretch and flex - tart cherry -  20,63,5.827730232343729
stretch and flex - tart cherry -  20,4,1.0
stretch and flex - tart cherry -  20,16,2.8800775952692668
stretch and flex - tart cherry -  20,13,2.488920828834923
stretch and flex - tart cherry -  20,61,3.611876278386662
stretch and flex - tart cherry -  20,31,1.0
stretch and flex - tart cherry -  20,77,1.0
stretch and flex - tart cherry -  20,80,1.0
stretch and flex - pineapple kale - 20,7,2.6871021265478365
stretch and flex - pineapple kale - 20,50,3.1217539791236133
stretch and flex - pineapple kale - 20,16,2.0834332624598204
stretch and flex - pineapple kale - 20,13,7.667967164959331
stretch and flex - pineapple kale - 20,61,5.264364879471461
stretch and flex - pineapple kale - 20,31,1.0
stretch and flex - pineapple kale - 20,32,1.4207970205682037
stretch and flex - pineapple kale - 20,77,1.0
stretch and flex - pineapple kale - 20,80,1.0
gladiator - vanilla - 20,26,1.0
gladiator - vanilla - 20,77,1.0
gladiator - vanilla - 20,80,1.0
gladiator - chocolate - 20,24,1.9379850302258976
gladiator - chocolate - 20,77,1.0
gladiator - chocolate - 20,80,1.0
gladiator - strawberry - 20,25,3.011143129923546
gladiator - strawberry - 20,77,1.0
gladiator - strawberry - 20,80,1.0
the activator recovery - blueberry tart cherry - 20,63,5.722334190169677
the activator recovery - blueberry tart cherry - 20,8,2.082649669705576
the activator recovery - blueberry tart cherry - 20,4,7.0194644092617136
the activator recovery - blueberry tart cherry - 20,13,4.811125088151586
the activator recovery - blueberry tart cherry - 20,52,1.8674873906101648
the activator recovery - blueberry tart cherry - 20,26,1.0
the activator recovery - blueberry tart cherry - 20,77,1.0
the activator recovery - blueberry tart cherry - 20,80,1.0
the activator recovery - strawberry banana - 20,7,3.5791116972323342
the activator recovery - strawberry banana - 20,59,1.8234801850760924
the activator recovery - strawberry banana - 20,5,6.504499923139232
the activator recovery - strawberry banana - 20,13,3.0512005537972136
the activator recovery - strawberry banana - 20,26,3.090681314630535
the activator recovery - strawberry banana - 20,52,2.6208146427629684
the activator recovery - strawberry banana - 20,77,1.0
the activator recovery - strawberry banana - 20,80,1.0
high intensity workout - chocolate cinnamon - 20,7,3.6071208974182105
high intensity workout - chocolate cinnamon - 20,10,3.9184205337405977
high intensity workout - chocolate cinnamon - 20,16,4.158406801515707
high intensity workout - chocolate cinnamon - 20,2,1.0
high intensity workout - chocolate cinnamon - 20,22,4.781419357143086
high intensity workout - chocolate cinnamon - 20,1,5.902585957740103
high intensity workout - chocolate cinnamon - 20,12,1.0
high intensity workout - chocolate cinnamon - 20,77,1.0
high intensity workout - chocolate cinnamon - 20,80,1.0
the hulk - vanilla - 32,7,1.6
the hulk - vanilla - 32,64,5.7925813631832925
the hulk - vanilla - 32,29,1.6
the hulk - vanilla - 32,9,6.567329511958437
the hulk - vanilla - 32,78,1.0
the hulk - vanilla - 32,80,1.0
the hulk - chocolate - 32,7,1.6168395805522864
the hulk - chocolate - 32,1,4.208354127553698
the hulk - chocolate - 32,29,1.6
the hulk - chocolate - 32,64,6.524360184991102
the hulk - chocolate - 32,9,1.6
the hulk - chocolate - 32,78,1.0
the hulk - chocolate - 32,80,1.0
the hulk - strawberry - 32,7,4.593882442249131
the hulk - strawberry - 32,60,10.620924637872726
the hulk - strawberry - 32,64,1.6
the hulk - strawberry - 32,29,2.636120900137625
the hulk - strawberry - 32,9,4.7405690573460815
the hulk - strawberry - 32,78,1.0
the hulk - strawberry - 32,80,1.0
peanut power plus - chocolate - 32,7,7.53650074923722
peanut power plus - chocolate - 32,47,7.629126006712865
peanut power plus - chocolate - 32,16,1.6
peanut power plus - chocolate - 32,42,11.846733699639518
peanut power plus - chocolate - 32,52,1.9740721717518792
peanut power plus - chocolate - 32,1,6.1137016366032775
peanut power plus - chocolate - 32,78,1.0
peanut power plus - chocolate - 32,80,1.0
peanut power plus - strawberry - 32,7,2.0868015461046827
peanut power plus - strawberry - 32,59,2.727052354139346
peanut power plus - strawberry - 32,47,2.15859917799436
peanut power plus - strawberry - 32,16,6.834890354744023
peanut power plus - strawberry - 32,42,6.763823824642083
peanut power plus - strawberry - 32,52,10.96820927608942
peanut power plus - strawberry - 32,64,1.6
peanut power plus - strawberry - 32,78,1.0
peanut power plus - strawberry - 32,80,1.0
power punch plus - 32,7,2.520485156981885
power punch plus - 32,59,15.276916746172388
power punch plus - 32,43,4.107203598700891
power punch plus - 32,64,7.549568989980731
power punch plus - 32,78,1.0
power punch plus - 32,80,1.0
stretch and flex - tart cherry -  32,7,6.765993493425004
stretch and flex - tart cherry -  32,63,9.324368371749967
stretch and flex - tart cherry -  32,4,1.6
stretch and flex - tart cherry -  32,16,4.608124152430827
stretch and flex - tart cherry -  32,13,3.982273326135877
stretch and flex - tart cherry -  32,61,5.779002045418659
stretch and flex - tart cherry -  32,31,1.6
stretch and flex - tart cherry -  32,78,1.0
stretch and flex - tart cherry -  32,80,1.0
stretch and flex - pineapple kale - 32,7,4.299363402476539
stretch and flex - pineapple kale - 32,50,4.994806366597782
stretch and flex - pineapple kale - 32,16,3.333493219935713
stretch and flex - pineapple kale - 32,13,12.268747463934927
stretch and flex - pineapple kale - 32,61,8.422983807154337
stretch and flex - pineapple kale - 32,31,1.6
stretch and flex - pineapple kale - 32,32,2.2732752329091257
stretch and flex - pineapple kale - 32,78,1.0
stretch and flex - pineapple kale - 32,80,1.0
gladiator - vanilla - 32,26,1.6
gladiator - vanilla - 32,78,1.0
gladiator - vanilla - 32,80,1.0
gladiator - chocolate - 32,24,3.100776048361437
gladiator - chocolate - 32,78,1.0
gladiator - chocolate - 32,80,1.0
gladiator - strawberry - 32,25,4.817829007877673
gladiator - strawberry - 32,78,1.0
gladiator - strawberry - 32,80,1.0
the activator recovery - blueberry tart cherry - 32,63,9.155734704271485
the activator recovery - blueberry tart cherry - 32,8,3.3322394715289216
the activator recovery - blueberry tart cherry - 32,4,11.231143054818745
the activator recovery - blueberry tart cherry - 32,13,7.697800141042538
the activator recovery - blueberry tart cherry - 32,52,2.9879798249762644
the activator recovery - blueberry tart cherry - 32,26,1.6
the activator recovery - blueberry tart cherry - 32,78,1.0
the activator recovery - blueberry tart cherry - 32,80,1.0
the activator recovery - strawberry banana - 32,7,5.726578715571735
the activator recovery - strawberry banana - 32,59,2.917568296121748
the activator recovery - strawberry banana - 32,5,10.407199877022771
the activator recovery - strawberry banana - 32,13,4.881920886075542
the activator recovery - strawberry banana - 32,26,4.945090103408856
the activator recovery - strawberry banana - 32,52,4.19330342842075
the activator recovery - strawberry banana - 32,78,1.0
the activator recovery - strawberry banana - 32,80,1.0
high intensity workout - chocolate cinnamon - 32,7,5.771393435869137
high intensity workout - chocolate cinnamon - 32,10,6.269472853984957
high intensity workout - chocolate cinnamon - 32,16,6.653450882425132
high intensity workout - chocolate cinnamon - 32,2,1.6
high intensity workout - chocolate cinnamon - 32,22,7.650270971428938
high intensity workout - chocolate cinnamon - 32,1,9.444137532384165
high intensity workout - chocolate cinnamon - 32,12,1.6
high intensity workout - chocolate cinnamon - 32,78,1.0
high intensity workout - chocolate cinnamon - 32,80,1.0
the hulk - vanilla - 40,7,2.0
the hulk - vanilla - 40,64,7.240726703979115
the hulk - vanilla - 40,29,2.0
the hulk - vanilla - 40,9,8.209161889948046
the hulk - vanilla - 40,79,1.0
the hulk - vanilla - 40,80,1.0
the hulk - chocolate - 40,7,2.021049475690358
the hulk - chocolate - 40,1,5.2604426594421225
the hulk - chocolate - 40,29,2.0
the hulk - chocolate - 40,64,8.155450231238877
the hulk - chocolate - 40,9,2.0
the hulk - chocolate - 40,79,1.0
the hulk - chocolate - 40,80,1.0
the hulk - strawberry - 40,7,5.7423530528114135
the hulk - strawberry - 40,60,13.276155797340907
the hulk - strawberry - 40,64,2.0
the hulk - strawberry - 40,29,3.295151125172031
the hulk - strawberry - 40,9,5.925711321682602
the hulk - strawberry - 40,79,1.0
the hulk - strawberry - 40,80,1.0
peanut power plus - chocolate - 40,7,9.420625936546523
peanut power plus - chocolate - 40,47,9.53640750839108
peanut power plus - chocolate - 40,16,2.0
peanut power plus - chocolate - 40,42,14.808417124549395
peanut power plus - chocolate - 40,52,2.467590214689849
peanut power plus - chocolate - 40,1,7.642127045754096
peanut power plus - chocolate - 40,79,1.0
peanut power plus - chocolate - 40,80,1.0
peanut power plus - strawberry - 40,7,2.6085019326308534
peanut power plus - strawberry - 40,59,3.408815442674182
peanut power plus - strawberry - 40,47,2.6982489724929497
peanut power plus - strawberry - 40,16,8.543612943430029
peanut power plus - strawberry - 40,42,8.454779780802603
peanut power plus - strawberry - 40,52,13.710261595111776
peanut power plus - strawberry - 40,64,2.0
peanut power plus - strawberry - 40,79,1.0
peanut power plus - strawberry - 40,80,1.0
power punch plus - 40,7,3.150606446227356
power punch plus - 40,59,19.096145932715483
power punch plus - 40,43,5.134004498376114
power punch plus - 40,64,9.436961237475913
power punch plus - 40,79,1.0
power punch plus - 40,80,1.0
stretch and flex - tart cherry -  40,7,8.457491866781254
stretch and flex - tart cherry -  40,63,11.655460464687458
stretch and flex - tart cherry -  40,4,2.0
stretch and flex - tart cherry -  40,16,5.7601551905385335
stretch and flex - tart cherry -  40,13,4.977841657669846
stretch and flex - tart cherry -  40,61,7.223752556773324
stretch and flex - tart cherry -  40,31,2.0
stretch and flex - tart cherry -  40,79,1.0
stretch and flex - tart cherry -  40,80,1.0
stretch and flex - pineapple kale - 40,7,5.374204253095673
stretch and flex - pineapple kale - 40,50,6.243507958247227
stretch and flex - pineapple kale - 40,16,4.166866524919641
stretch and flex - pineapple kale - 40,13,15.33593432991866
stretch and flex - pineapple kale - 40,61,10.52872975894292
stretch and flex - pineapple kale - 40,31,2.0
stretch and flex - pineapple kale - 40,32,2.841594041136407
stretch and flex - pineapple kale - 40,79,1.0
stretch and flex - pineapple kale - 40,80,1.0
gladiator - vanilla - 40,26,2.0
gladiator - vanilla - 40,79,1.0
gladiator - vanilla - 40,80,1.0
gladiator - chocolate - 40,24,3.875970060451796
gladiator - chocolate - 40,79,1.0
gladiator - chocolate - 40,80,1.0
gladiator - strawberry - 40,25,6.022286259847092
gladiator - strawberry - 40,79,1.0
gladiator - strawberry - 40,80,1.0
the activator recovery - blueberry tart cherry - 40,63,11.444668380339357
the activator recovery - blueberry tart cherry - 40,8,4.165299339411152
the activator recovery - blueberry tart cherry - 40,4,14.038928818523429
the activator recovery - blueberry tart cherry - 40,13,9.622250176303172
the activator recovery - blueberry tart cherry - 40,52,3.7349747812203296
the activator recovery - blueberry tart cherry - 40,26,2.0
the activator recovery - blueberry tart cherry - 40,79,1.0
the activator recovery - blueberry tart cherry - 40,80,1.0
the activator recovery - strawberry banana - 40,7,7.1582233944646685
the activator recovery - strawberry banana - 40,59,3.646960370152185
the activator recovery - strawberry banana - 40,5,13.008999846278464
the activator recovery - strawberry banana - 40,13,6.102401107594427
the activator recovery - strawberry banana - 40,26,6.18136262926107
the activator recovery - strawberry banana - 40,52,5.241629285525937
the activator recovery - strawberry banana - 40,79,1.0
the activator recovery - strawberry banana - 40,80,1.0
high intensity workout - chocolate cinnamon - 40,7,7.214241794836421
high intensity workout - chocolate cinnamon - 40,10,7.8368410674811955
high intensity workout - chocolate cinnamon - 40,16,8.316813603031415
high intensity workout - chocolate cinnamon - 40,2,2.0
high intensity workout - chocolate cinnamon - 40,22,9.562838714286173
high intensity workout - chocolate cinnamon - 40,1,11.805171915480203
high intensity workout - chocolate cinnamon - 40,12,2.0
high intensity workout - chocolate cinnamon - 40,79,1.0
high intensity workout - chocolate cinnamon - 40,80,1.0
metabolism boost strawberry pineapple - 20,50,1.9612261530075537
metabolism boost strawberry pineapple - 20,59,4.980823185741389
metabolism boost strawberry pineapple - 20,34,1.0
metabolism boost strawberry pineapple - 20,26,3.186809391112657
metabolism boost strawberry pineapple - 20,52,2.39573100731236
metabolism boost strawberry pineapple - 20,39,3.3752923042805154
metabolism boost strawberry pineapple - 20,21,4.376769489721228
metabolism boost strawberry pineapple - 20,77,1.0
metabolism boost strawberry pineapple - 20,80,1.0
metabolism boost mango ginger - 20,37,3.186983547233006
metabolism boost mango ginger - 20,7,2.0965470837104663
metabolism boost mango ginger - 20,57,4.751190283386467
metabolism boost mango ginger - 20,67,2.5361411117995027
metabolism boost mango ginger - 20,26,2.36690196085578
metabolism boost mango ginger - 20,52,3.8991768244113305
metabolism boost mango ginger - 20,23,2.5142887791981074
metabolism boost mango ginger - 20,39,2.344385766112908
metabolism boost mango ginger - 20,21,3.982309289075807
metabolism boost mango ginger - 20,77,1.0
metabolism boost mango ginger - 20,80,1.0
slim - n - trim - chocolate - 20,7,3.828173176285378
slim - n - trim - chocolate - 20,42,3.730225192419544
slim - n - trim - chocolate - 20,52,1.0966732127886796
slim - n - trim - chocolate - 20,35,4.017419265355694
slim - n - trim - chocolate - 20,24,3.3788631240625246
slim - n - trim - chocolate - 20,1,1.5227629802057423
slim - n - trim - chocolate - 20,21,2.18007991420839
slim - n - trim - chocolate - 20,58,1.3767857835703818
slim - n - trim - chocolate - 20,77,1.0
slim - n - trim - chocolate - 20,80,1.0
slim - n - trim - strawberry - 20,59,1.0
slim - n - trim - strawberry - 20,26,4.015476670487799
slim - n - trim - strawberry - 20,36,4.006582910844417
slim - n - trim - strawberry - 20,52,1.0
slim - n - trim - strawberry - 20,58,5.180324687408625
slim - n - trim - strawberry - 20,21,1.0
slim - n - trim - strawberry - 20,77,1.0
slim - n - trim - strawberry - 20,80,1.0
keto champ - berry - 20,8,3.093708221919511
keto champ - berry - 20,55,1.0
keto champ - berry - 20,33,1.0
keto champ - berry - 20,2,4.321952975415587
keto champ - berry - 20,1,2.5535871628712385
keto champ - berry - 20,10,1.0
keto champ - berry - 20,77,1.0
keto champ - berry - 20,80,1.0
lean - chocolate - 20,7,2.649905345447732
lean - chocolate - 20,3,1.0
lean - chocolate - 20,35,4.302954303470163
lean - chocolate - 20,77,1.0
lean - chocolate - 20,80,1.0
lean - strawberry - 20,59,4.828117462601824
lean - strawberry - 20,36,1.3842751263043267
lean - strawberry - 20,58,1.9620045014941028
lean - strawberry - 20,77,1.0
lean - strawberry - 20,80,1.0
metabolism boost strawberry pineapple - 32,50,3.137961844812086
metabolism boost strawberry pineapple - 32,59,7.969317097186224
metabolism boost strawberry pineapple - 32,34,1.6
metabolism boost strawberry pineapple - 32,26,5.0988950257802514
metabolism boost strawberry pineapple - 32,52,3.833169611699776
metabolism boost strawberry pineapple - 32,39,5.400467686848825
metabolism boost strawberry pineapple - 32,21,7.0028311835539645
metabolism boost strawberry pineapple - 32,78,1.0
metabolism boost strawberry pineapple - 32,80,1.0
metabolism boost mango ginger - 32,37,5.0991736755728105
metabolism boost mango ginger - 32,7,3.354475333936746
metabolism boost mango ginger - 32,57,7.601904453418348
metabolism boost mango ginger - 32,67,4.057825778879205
metabolism boost mango ginger - 32,26,3.787043137369248
metabolism boost mango ginger - 32,52,6.238682919058129
metabolism boost mango ginger - 32,23,4.0228620467169725
metabolism boost mango ginger - 32,39,3.751017225780653
metabolism boost mango ginger - 32,21,6.371694862521292
metabolism boost mango ginger - 32,78,1.0
metabolism boost mango ginger - 32,80,1.0
slim - n - trim - chocolate - 32,7,6.125077082056605
slim - n - trim - chocolate - 32,42,5.968360307871271
slim - n - trim - chocolate - 32,52,1.7546771404618875
slim - n - trim - chocolate - 32,35,6.427870824569111
slim - n - trim - chocolate - 32,24,5.40618099850004
slim - n - trim - chocolate - 32,1,2.4364207683291883
slim - n - trim - chocolate - 32,21,3.488127862733424
slim - n - trim - chocolate - 32,58,2.202857253712611
slim - n - trim - chocolate - 32,78,1.0
slim - n - trim - chocolate - 32,80,1.0
slim - n - trim - strawberry - 32,59,1.6
slim - n - trim - strawberry - 32,26,6.424762672780479
slim - n - trim - strawberry - 32,36,6.410532657351067
slim - n - trim - strawberry - 32,52,1.6
slim - n - trim - strawberry - 32,58,8.2885194998538
slim - n - trim - strawberry - 32,21,1.6
slim - n - trim - strawberry - 32,78,1.0
slim - n - trim - strawberry - 32,80,1.0
keto champ - berry - 32,8,4.949933155071218
keto champ - berry - 32,55,1.6
keto champ - berry - 32,33,1.6
keto champ - berry - 32,2,6.91512476066494
keto champ - berry - 32,1,4.085739460593982
keto champ - berry - 32,10,1.6
keto champ - berry - 32,78,1.0
keto champ - berry - 32,80,1.0
lean - chocolate - 32,7,4.239848552716371
lean - chocolate - 32,3,1.6
lean - chocolate - 32,35,6.884726885552261
lean - chocolate - 32,78,1.0
lean - chocolate - 32,80,1.0
lean - strawberry - 32,59,7.724987940162919
lean - strawberry - 32,36,2.214840202086923
lean - strawberry - 32,58,3.1392072023905646
lean - strawberry - 32,78,1.0
lean - strawberry - 32,80,1.0
metabolism boost strawberry pineapple - 40,50,3.9224523060151073
metabolism boost strawberry pineapple - 40,59,9.96164637148278
metabolism boost strawberry pineapple - 40,34,2.0
metabolism boost strawberry pineapple - 40,26,6.373618782225314
metabolism boost strawberry pineapple - 40,52,4.79146201462472
metabolism boost strawberry pineapple - 40,39,6.750584608561031
metabolism boost strawberry pineapple - 40,21,8.753538979442455
metabolism boost strawberry pineapple - 40,79,1.0
metabolism boost strawberry pineapple - 40,80,1.0
metabolism boost mango ginger - 40,37,6.373967094466012
metabolism boost mango ginger - 40,7,4.1930941674209325
metabolism boost mango ginger - 40,57,9.502380566772937
metabolism boost mango ginger - 40,67,5.0722822235990055
metabolism boost mango ginger - 40,26,4.73380392171156
metabolism boost mango ginger - 40,52,7.798353648822661
metabolism boost mango ginger - 40,23,5.028577558396215
metabolism boost mango ginger - 40,39,4.688771532225816
metabolism boost mango ginger - 40,21,7.964618578151613
metabolism boost mango ginger - 40,79,1.0
metabolism boost mango ginger - 40,80,1.0
slim - n - trim - chocolate - 40,7,7.656346352570756
slim - n - trim - chocolate - 40,42,7.460450384839088
slim - n - trim - chocolate - 40,52,2.193346425577359
slim - n - trim - chocolate - 40,35,8.034838530711388
slim - n - trim - chocolate - 40,24,6.757726248125049
slim - n - trim - chocolate - 40,1,3.045525960411485
slim - n - trim - chocolate - 40,21,4.36015982841678
slim - n - trim - chocolate - 40,58,2.753571567140764
slim - n - trim - chocolate - 40,79,1.0
slim - n - trim - chocolate - 40,80,1.0
slim - n - trim - strawberry - 40,59,2.0
slim - n - trim - strawberry - 40,26,8.030953340975598
slim - n - trim - strawberry - 40,36,8.013165821688833
slim - n - trim - strawberry - 40,52,2.0
slim - n - trim - strawberry - 40,58,10.36064937481725
slim - n - trim - strawberry - 40,21,2.0
slim - n - trim - strawberry - 40,79,1.0
slim - n - trim - strawberry - 40,80,1.0
keto champ - berry - 40,8,6.187416443839022
keto champ - berry - 40,55,2.0
keto champ - berry - 40,33,2.0
keto champ - berry - 40,2,8.643905950831174
keto champ - berry - 40,1,5.107174325742477
keto champ - berry - 40,10,2.0
keto champ - berry - 40,79,1.0
keto champ - berry - 40,80,1.0
lean - chocolate - 40,7,5.299810690895463
lean - chocolate - 40,3,2.0
lean - chocolate - 40,35,8.605908606940327
lean - chocolate - 40,79,1.0
lean - chocolate - 40,80,1.0
lean - strawberry - 40,59,9.656234925203648
lean - strawberry - 40,36,2.7685502526086534
lean - strawberry - 40,58,3.9240090029882055
lean - strawberry - 40,79,1.0
lean - strawberry - 40,80,1.0
vegan - pineapple spinach - 20,61,1.0
vegan - pineapple spinach - 20,50,2.4867472389450977
vegan - pineapple spinach - 20,57,2.154916989207763
vegan - pineapple spinach - 20,7,2.891407354872192
vegan - pineapple spinach - 20,6,4.862897021643749
vegan - pineapple spinach - 20,11,5.289855686818869
vegan - pineapple spinach - 20,67,3.280443529907967
vegan - pineapple spinach - 20,3,1.885048263137828
vegan - pineapple spinach - 20,58,1.0
vegan - pineapple spinach - 20,77,1.0
vegan - pineapple spinach - 20,80,1.0
vegan - mango kale - 20,61,1.7055898102035645
vegan - mango kale - 20,37,3.5758188592346576
vegan - mango kale - 20,32,1.0285696088824643
vegan - mango kale - 20,7,1.0
vegan - mango kale - 20,6,1.0
vegan - mango kale - 20,5,1.0
vegan - mango kale - 20,3,4.390025946662066
vegan - mango kale - 20,77,1.0
vegan - mango kale - 20,80,1.0
vegan - nutty super grain - 20,61,3.797224607690763
vegan - nutty super grain - 20,47,1.0
vegan - nutty super grain - 20,7,1.0
vegan - nutty super grain - 20,10,1.0
vegan - nutty super grain - 20,5,1.0
vegan - nutty super grain - 20,62,1.0
vegan - nutty super grain - 20,1,4.122028336438664
vegan - nutty super grain - 20,77,1.0
vegan - nutty super grain - 20,80,1.0
vegan - mixed berry - 20,61,2.9290118172648536
vegan - mixed berry - 20,59,2.412316713020892
vegan - mixed berry - 20,8,5.069619814611682
vegan - mixed berry - 20,55,1.0
vegan - mixed berry - 20,7,1.622527353891363
vegan - mixed berry - 20,62,2.1796658693441486
vegan - mixed berry - 20,44,1.497253373799038
vegan - mixed berry - 20,4,1.0
vegan - mixed berry - 20,48,3.1276940169094565
vegan - mixed berry - 20,77,1.0
vegan - mixed berry - 20,80,1.0
veggie - apple kiwi kale - 20,32,2.4988699582792804
veggie - apple kiwi kale - 20,7,2.7688800473863
veggie - apple kiwi kale - 20,5,2.513125513011588
veggie - apple kiwi kale - 20,34,2.0528454017620734
veggie - apple kiwi kale - 20,18,1.0
veggie - apple kiwi kale - 20,77,1.0
veggie - apple kiwi kale - 20,80,1.0
veggie - lemon ginger spinach - 20,57,1.1742104538745992
veggie - lemon ginger spinach - 20,11,5.473792084515273
veggie - lemon ginger spinach - 20,32,3.829679687138372
veggie - lemon ginger spinach - 20,23,1.0
veggie - lemon ginger spinach - 20,37,3.228455752241418
veggie - lemon ginger spinach - 20,50,1.0
veggie - lemon ginger spinach - 20,67,2.064330963989745
veggie - lemon ginger spinach - 20,46,1.837488645399668
veggie - lemon ginger spinach - 20,58,1.3597253890102294
veggie - lemon ginger spinach - 20,77,1.0
veggie - lemon ginger spinach - 20,80,1.0
greek yogurt - pineapple mango - 20,27,8.039313913604582
greek yogurt - pineapple mango - 20,52,2.745819611260841
greek yogurt - pineapple mango - 20,21,1.0
greek yogurt - pineapple mango - 20,37,1.0
greek yogurt - pineapple mango - 20,50,1.0
greek yogurt - pineapple mango - 20,49,2.25790677119425
greek yogurt - pineapple mango - 20,6,4.275350906510878
greek yogurt - pineapple mango - 20,77,1.0
greek yogurt - pineapple mango - 20,80,1.0
greek yogurt - strawberry blueberry - 20,27,4.613231019480925
greek yogurt - strawberry blueberry - 20,52,1.0
greek yogurt - strawberry blueberry - 20,21,1.0
greek yogurt - strawberry blueberry - 20,59,3.229272414300937
greek yogurt - strawberry blueberry - 20,8,1.0
greek yogurt - strawberry blueberry - 20,4,1.0
greek yogurt - strawberry blueberry - 20,48,1.80247792775722
greek yogurt - strawberry blueberry - 20,77,1.0
greek yogurt - strawberry blueberry - 20,80,1.0
immune builder - mixed berry - 20,7,2.0375442925837017
immune builder - mixed berry - 20,59,1.0
immune builder - mixed berry - 20,55,3.101752028197094
immune builder - mixed berry - 20,8,1.0
immune builder - mixed berry - 20,4,5.887221373940388
immune builder - mixed berry - 20,10,2.5544061275664056
immune builder - mixed berry - 20,48,1.0
immune builder - mixed berry - 20,30,1.0
immune builder - mixed berry - 20,77,1.0
immune builder - mixed berry - 20,80,1.0
immunie builder - orange - 20,7,1.0
immunie builder - orange - 20,37,1.0
immunie builder - orange - 20,6,1.0516203915047062
immunie builder - orange - 20,45,3.5527228442309244
immunie builder - orange - 20,30,3.053516972091955
immunie builder - orange - 20,77,1.0
immunie builder - orange - 20,80,1.0
daily warrior - 20,7,1.0
daily warrior - 20,8,1.0
daily warrior - 20,4,4.67239744509447
daily warrior - 20,16,2.7554739615248023
daily warrior - 20,47,2.684864056254925
daily warrior - 20,3,4.737938818004345
daily warrior - 20,58,1.6541159890564932
daily warrior - 20,57,1.0
daily warrior - 20,77,1.0
daily warrior - 20,80,1.0
vegan - pineapple spinach - 32,61,1.6
vegan - pineapple spinach - 32,50,3.978795582312157
vegan - pineapple spinach - 32,57,3.4478671827324208
vegan - pineapple spinach - 32,7,4.626251767795507
vegan - pineapple spinach - 32,6,7.780635234629999
vegan - pineapple spinach - 32,11,8.46376909891019
vegan - pineapple spinach - 32,67,5.248709647852747
vegan - pineapple spinach - 32,3,3.016077221020524
vegan - pineapple spinach - 32,58,1.6
vegan - pineapple spinach - 32,78,1.0
vegan - pineapple spinach - 32,80,1.0
vegan - mango kale - 32,61,2.7289436963257034
vegan - mango kale - 32,37,5.721310174775453
vegan - mango kale - 32,32,1.6457113742119434
vegan - mango kale - 32,7,1.6
vegan - mango kale - 32,6,1.6
vegan - mango kale - 32,5,1.6
vegan - mango kale - 32,3,7.024041514659306
vegan - mango kale - 32,78,1.0
vegan - mango kale - 32,80,1.0
vegan - nutty super grain - 32,61,6.0755593723052215
vegan - nutty super grain - 32,47,1.6
vegan - nutty super grain - 32,7,1.6
vegan - nutty super grain - 32,10,1.6
vegan - nutty super grain - 32,5,1.6
vegan - nutty super grain - 32,62,1.6
vegan - nutty super grain - 32,1,6.595245338301862
vegan - nutty super grain - 32,78,1.0
vegan - nutty super grain - 32,80,1.0
vegan - mixed berry - 32,61,4.686418907623766
vegan - mixed berry - 32,59,3.859706740833427
vegan - mixed berry - 32,8,8.111391703378692
vegan - mixed berry - 32,55,1.6
vegan - mixed berry - 32,7,2.596043766226181
vegan - mixed berry - 32,62,3.487465390950638
vegan - mixed berry - 32,44,2.395605398078461
vegan - mixed berry - 32,4,1.6
vegan - mixed berry - 32,48,5.004310427055131
vegan - mixed berry - 32,78,1.0
vegan - mixed berry - 32,80,1.0
veggie - apple kiwi kale - 32,32,3.998191933246849
veggie - apple kiwi kale - 32,7,4.430208075818079
veggie - apple kiwi kale - 32,5,4.021000820818541
veggie - apple kiwi kale - 32,34,3.284552642819317
veggie - apple kiwi kale - 32,18,1.6
veggie - apple kiwi kale - 32,78,1.0
veggie - apple kiwi kale - 32,80,1.0
veggie - lemon ginger spinach - 32,57,1.8787367261993588
veggie - lemon ginger spinach - 32,11,8.758067335224437
veggie - lemon ginger spinach - 32,32,6.127487499421395
veggie - lemon ginger spinach - 32,23,1.6
veggie - lemon ginger spinach - 32,37,5.165529203586269
veggie - lemon ginger spinach - 32,50,1.6
veggie - lemon ginger spinach - 32,67,3.302929542383592
veggie - lemon ginger spinach - 32,46,2.939981832639469
veggie - lemon ginger spinach - 32,58,2.1755606224163677
veggie - lemon ginger spinach - 32,78,1.0
veggie - lemon ginger spinach - 32,80,1.0
greek yogurt - pineapple mango - 32,27,12.862902261767331
greek yogurt - pineapple mango - 32,52,4.393311378017346
greek yogurt - pineapple mango - 32,21,1.6
greek yogurt - pineapple mango - 32,37,1.6
greek yogurt - pineapple mango - 32,50,1.6
greek yogurt - pineapple mango - 32,49,3.6126508339108
greek yogurt - pineapple mango - 32,6,6.840561450417406
greek yogurt - pineapple mango - 32,78,1.0
greek yogurt - pineapple mango - 32,80,1.0
greek yogurt - strawberry blueberry - 32,27,7.381169631169481
greek yogurt - strawberry blueberry - 32,52,1.6
greek yogurt - strawberry blueberry - 32,21,1.6
greek yogurt - strawberry blueberry - 32,59,5.1668358628815
greek yogurt - strawberry blueberry - 32,8,1.6
greek yogurt - strawberry blueberry - 32,4,1.6
greek yogurt - strawberry blueberry - 32,48,2.883964684411552
greek yogurt - strawberry blueberry - 32,78,1.0
greek yogurt - strawberry blueberry - 32,80,1.0
immune builder - mixed berry - 32,7,3.2600708681339228
immune builder - mixed berry - 32,59,1.6
immune builder - mixed berry - 32,55,4.96280324511535
immune builder - mixed berry - 32,8,1.6
immune builder - mixed berry - 32,4,9.419554198304622
immune builder - mixed berry - 32,10,4.0870498041062495
immune builder - mixed berry - 32,48,1.6
immune builder - mixed berry - 32,30,1.6
immune builder - mixed berry - 32,78,1.0
immune builder - mixed berry - 32,80,1.0
immunie builder - orange - 32,7,1.6
immunie builder - orange - 32,37,1.6
immunie builder - orange - 32,6,1.68259262640753
immunie builder - orange - 32,45,5.684356550769479
immunie builder - orange - 32,30,4.885627155347128
immunie builder - orange - 32,78,1.0
immunie builder - orange - 32,80,1.0
daily warrior - 32,7,1.6
daily warrior - 32,8,1.6
daily warrior - 32,4,7.475835912151152
daily warrior - 32,16,4.408758338439684
daily warrior - 32,47,4.29578249000788
daily warrior - 32,3,7.580702108806952
daily warrior - 32,58,2.646585582490389
daily warrior - 32,57,1.6
daily warrior - 32,78,1.0
daily warrior - 32,80,1.0
vegan - pineapple spinach - 40,61,2.0
vegan - pineapple spinach - 40,50,4.973494477890196
vegan - pineapple spinach - 40,57,4.309833978415526
vegan - pineapple spinach - 40,7,5.782814709744383
vegan - pineapple spinach - 40,6,9.7257940432875
vegan - pineapple spinach - 40,11,10.579711373637736
vegan - pineapple spinach - 40,67,6.560887059815934
vegan - pineapple spinach - 40,3,3.770096526275655
vegan - pineapple spinach - 40,58,2.0
vegan - pineapple spinach - 40,79,1.0
vegan - pineapple spinach - 40,80,1.0
vegan - mango kale - 40,61,3.411179620407129
vegan - mango kale - 40,37,7.151637718469315
vegan - mango kale - 40,32,2.057139217764929
vegan - mango kale - 40,7,2.0
vegan - mango kale - 40,6,2.0
vegan - mango kale - 40,5,2.0
vegan - mango kale - 40,3,8.780051893324131
vegan - mango kale - 40,79,1.0
vegan - mango kale - 40,80,1.0
vegan - nutty super grain - 40,61,7.594449215381526
vegan - nutty super grain - 40,47,2.0
vegan - nutty super grain - 40,7,2.0
vegan - nutty super grain - 40,10,2.0
vegan - nutty super grain - 40,5,2.0
vegan - nutty super grain - 40,62,2.0
vegan - nutty super grain - 40,1,8.244056672877328
vegan - nutty super grain - 40,79,1.0
vegan - nutty super grain - 40,80,1.0
vegan - mixed berry - 40,61,5.858023634529707
vegan - mixed berry - 40,59,4.824633426041784
vegan - mixed berry - 40,8,10.139239629223365
vegan - mixed berry - 40,55,2.0
vegan - mixed berry - 40,7,3.245054707782726
vegan - mixed berry - 40,62,4.359331738688297
vegan - mixed berry - 40,44,2.994506747598076
vegan - mixed berry - 40,4,2.0
vegan - mixed berry - 40,48,6.255388033818913
vegan - mixed berry - 40,79,1.0
vegan - mixed berry - 40,80,1.0
veggie - apple kiwi kale - 40,32,4.997739916558561
veggie - apple kiwi kale - 40,7,5.537760094772599
veggie - apple kiwi kale - 40,5,5.026251026023176
veggie - apple kiwi kale - 40,34,4.105690803524147
veggie - apple kiwi kale - 40,18,2.0
veggie - apple kiwi kale - 40,79,1.0
veggie - apple kiwi kale - 40,80,1.0
veggie - lemon ginger spinach - 40,57,2.3484209077491984
veggie - lemon ginger spinach - 40,11,10.947584169030549
veggie - lemon ginger spinach - 40,32,7.659359374276743
veggie - lemon ginger spinach - 40,23,2.0
veggie - lemon ginger spinach - 40,37,6.456911504482836
veggie - lemon ginger spinach - 40,50,2.0
veggie - lemon ginger spinach - 40,67,4.12866192797949
veggie - lemon ginger spinach - 40,46,3.674977290799336
veggie - lemon ginger spinach - 40,58,2.719450778020459
veggie - lemon ginger spinach - 40,79,1.0
veggie - lemon ginger spinach - 40,80,1.0
greek yogurt - pineapple mango - 40,27,16.078627827209164
greek yogurt - pineapple mango - 40,52,5.491639222521682
greek yogurt - pineapple mango - 40,21,2.0
greek yogurt - pineapple mango - 40,37,2.0
greek yogurt - pineapple mango - 40,50,2.0
greek yogurt - pineapple mango - 40,49,4.5158135423885
greek yogurt - pineapple mango - 40,6,8.550701813021757
greek yogurt - pineapple mango - 40,79,1.0
greek yogurt - pineapple mango - 40,80,1.0
greek yogurt - strawberry blueberry - 40,27,9.22646203896185
greek yogurt - strawberry blueberry - 40,52,2.0
greek yogurt - strawberry blueberry - 40,21,2.0
greek yogurt - strawberry blueberry - 40,59,6.458544828601875
greek yogurt - strawberry blueberry - 40,8,2.0
greek yogurt - strawberry blueberry - 40,4,2.0
greek yogurt - strawberry blueberry - 40,48,3.604955855514439
greek yogurt - strawberry blueberry - 40,79,1.0
greek yogurt - strawberry blueberry - 40,80,1.0
immune builder - mixed berry - 40,7,4.075088585167404
immune builder - mixed berry - 40,59,2.0
immune builder - mixed berry - 40,55,6.203504056394188
immune builder - mixed berry - 40,8,2.0
immune builder - mixed berry - 40,4,11.774442747880776
immune builder - mixed berry - 40,10,5.108812255132811
immune builder - mixed berry - 40,48,2.0
immune builder - mixed berry - 40,30,2.0
immune builder - mixed berry - 40,79,1.0
immune builder - mixed berry - 40,80,1.0
immunie builder - orange - 40,7,2.0
immunie builder - orange - 40,37,2.0
immunie builder - orange - 40,6,2.1032407830094124
immunie builder - orange - 40,45,7.105445688461849
immunie builder - orange - 40,30,6.10703394418391
immunie builder - orange - 40,79,1.0
immunie builder - orange - 40,80,1.0
daily warrior - 40,7,2.0
daily warrior - 40,8,2.0
daily warrior - 40,4,9.34479489018894
daily warrior - 40,16,5.510947923049605
daily warrior - 40,47,5.36972811250985
daily warrior - 40,3,9.47587763600869
daily warrior - 40,58,3.3082319781129863
daily warrior - 40,57,2.0
daily warrior - 40,79,1.0
daily warrior - 40,80,1.0
angel food - 20,60,1.767090057296345
angel food - 20,7,2.7273836951810573
angel food - 20,42,5.525333703566336
angel food - 20,64,1.0
angel food - 20,77,1.0
angel food - 20,80,1.0
angel food slim - 20,59,2.868942058063608
angel food slim - 20,7,3.327093638037168
angel food slim - 20,48,7.1600238022663465
angel food slim - 20,52,2.609669333547804
angel food slim - 20,58,6.682976299731196
angel food slim - 20,77,1.0
angel food slim - 20,80,1.0
pineapple surf - 20,50,2.8742901277605344
pineapple surf - 20,60,9.349467327611444
pineapple surf - 20,34,1.0798234056948646
pineapple surf - 20,15,2.1669378360578357
pineapple surf - 20,64,1.0
pineapple surf - 20,77,1.0
pineapple surf - 20,80,1.0
caribbean way - 20,60,3.4783615096513523
caribbean way - 20,7,3.955647329590785
caribbean way - 20,46,1.6890264319955417
caribbean way - 20,64,1.7744362108286735
caribbean way - 20,77,1.0
caribbean way - 20,80,1.0
banana boat - 20,7,6.776623569844976
banana boat - 20,65,2.191408351407334
banana boat - 20,15,1.8726170404540812
banana boat - 20,64,6.859005639858844
banana boat - 20,77,1.0
banana boat - 20,80,1.0
banana berry treat - 20,7,7.076565488259634
banana berry treat - 20,60,1.0
banana berry treat - 20,55,6.306958597618827
banana berry treat - 20,46,1.0
banana berry treat - 20,15,2.4447355865361926
banana berry treat - 20,77,1.0
banana berry treat - 20,80,1.0
strawberry kiwi breeze - 20,60,1.9847045895140984
strawberry kiwi breeze - 20,34,3.5037734565870293
strawberry kiwi breeze - 20,46,6.986148654500498
strawberry kiwi breeze - 20,15,1.2050334242397216
strawberry kiwi breeze - 20,77,1.0
strawberry kiwi breeze - 20,80,1.0
lemon twist strawberry - 20,60,4.551046527311157
lemon twist strawberry - 20,67,1.5944989716749691
lemon twist strawberry - 20,46,1.0
lemon twist strawberry - 20,64,5.300499642025418
lemon twist strawberry - 20,77,1.0
lemon twist strawberry - 20,80,1.0
island impact - 20,37,3.282235444487785
island impact - 20,50,2.5264764317500408
island impact - 20,46,1.0
island impact - 20,52,2.5850853419288957
island impact - 20,6,3.776244922946764
island impact - 20,77,1.0
island impact - 20,80,1.0
x-treme - tart cherry - 20,63,5.609758585761455
x-treme - tart cherry - 20,7,3.2725384120261234
x-treme - tart cherry - 20,49,5.109422658931338
x-treme - tart cherry - 20,15,1.0
x-treme - tart cherry - 20,64,6.51310035055949
x-treme - tart cherry - 20,77,1.0
x-treme - tart cherry - 20,80,1.0
x-treme - strawberry - 20,60,1.0
x-treme - strawberry - 20,46,6.072600204597542
x-treme - strawberry - 20,77,1.0
x-treme - strawberry - 20,80,1.0
x-treme - orange - 20,45,3.7939997453529655
x-treme - orange - 20,7,1.627809498941344
x-treme - orange - 20,6,1.0
x-treme - orange - 20,18,4.760473511615328
x-treme - orange - 20,64,5.165149768313203
x-treme - orange - 20,77,1.0
x-treme - orange - 20,80,1.0
kindness in a cup - 20,60,4.501421081006369
kindness in a cup - 20,7,4.586804438852203
kindness in a cup - 20,45,3.82815616769017
kindness in a cup - 20,64,3.1892985002036465
kindness in a cup - 20,77,1.0
kindness in a cup - 20,80,1.0
angel food - 32,60,2.8273440916741523
angel food - 32,7,4.363813912289692
angel food - 32,42,8.840533925706138
angel food - 32,64,1.6
angel food - 32,78,1.0
angel food - 32,80,1.0
angel food slim - 32,59,4.590307292901773
angel food slim - 32,7,5.32334982085947
angel food slim - 32,48,11.456038083626154
angel food slim - 32,52,4.175470933676486
angel food slim - 32,58,10.692762079569915
angel food slim - 32,78,1.0
angel food slim - 32,80,1.0
pineapple surf - 32,50,4.598864204416855
pineapple surf - 32,60,14.959147724178312
pineapple surf - 32,34,1.7277174491117837
pineapple surf - 32,15,3.467100537692537
pineapple surf - 32,64,1.6
pineapple surf - 32,78,1.0
pineapple surf - 32,80,1.0
caribbean way - 32,60,5.565378415442164
caribbean way - 32,7,6.329035727345256
caribbean way - 32,46,2.7024422911928667
caribbean way - 32,64,2.839097937325878
caribbean way - 32,78,1.0
caribbean way - 32,80,1.0
banana boat - 32,7,10.842597711751962
banana boat - 32,65,3.5062533622517345
banana boat - 32,15,2.9961872647265304
banana boat - 32,64,10.97440902377415
banana boat - 32,78,1.0
banana boat - 32,80,1.0
banana berry treat - 32,7,11.322504781215414
banana berry treat - 32,60,1.6
banana berry treat - 32,55,10.091133756190125
banana berry treat - 32,46,1.6
banana berry treat - 32,15,3.911576938457909
banana berry treat - 32,78,1.0
banana berry treat - 32,80,1.0
strawberry kiwi breeze - 32,60,3.1755273432225577
strawberry kiwi breeze - 32,34,5.606037530539247
strawberry kiwi breeze - 32,46,11.1778378472008
strawberry kiwi breeze - 32,15,1.9280534787835544
strawberry kiwi breeze - 32,78,1.0
strawberry kiwi breeze - 32,80,1.0
lemon twist strawberry - 32,60,7.2816744436978516
lemon twist strawberry - 32,67,2.551198354679951
lemon twist strawberry - 32,46,1.6
lemon twist strawberry - 32,64,8.480799427240669
lemon twist strawberry - 32,78,1.0
lemon twist strawberry - 32,80,1.0
island impact - 32,37,5.251576711180456
island impact - 32,50,4.042362290800066
island impact - 32,46,1.6
island impact - 32,52,4.136136547086233
island impact - 32,6,6.041991876714822
island impact - 32,78,1.0
island impact - 32,80,1.0
x-treme - tart cherry - 32,63,8.975613737218328
x-treme - tart cherry - 32,7,5.236061459241798
x-treme - tart cherry - 32,49,8.175076254290142
x-treme - tart cherry - 32,15,1.6
x-treme - tart cherry - 32,64,10.420960560895184
x-treme - tart cherry - 32,78,1.0
x-treme - tart cherry - 32,80,1.0
x-treme - strawberry - 32,60,1.6
x-treme - strawberry - 32,46,9.716160327356068
x-treme - strawberry - 32,78,1.0
x-treme - strawberry - 32,80,1.0
x-treme - orange - 32,45,6.070399592564745
x-treme - orange - 32,7,2.60449519830615
x-treme - orange - 32,6,1.6
x-treme - orange - 32,18,7.616757618584526
x-treme - orange - 32,64,8.264239629301125
x-treme - orange - 32,78,1.0
x-treme - orange - 32,80,1.0
kindness in a cup - 32,60,7.202273729610191
kindness in a cup - 32,7,7.338887102163525
kindness in a cup - 32,45,6.125049868304273
kindness in a cup - 32,64,5.102877600325835
kindness in a cup - 32,78,1.0
kindness in a cup - 32,80,1.0
angel food - 40,60,3.53418011459269
angel food - 40,7,5.4547673903621146
angel food - 40,42,11.050667407132671
angel food - 40,64,2.0
angel food - 40,79,1.0
angel food - 40,80,1.0
angel food slim - 40,59,5.7378841161272165
angel food slim - 40,7,6.654187276074336
angel food slim - 40,48,14.320047604532691
angel food slim - 40,52,5.219338667095608
angel food slim - 40,58,13.365952599462393
angel food slim - 40,79,1.0
angel food slim - 40,80,1.0
pineapple surf - 40,50,5.748580255521069
pineapple surf - 40,60,18.69893465522289
pineapple surf - 40,34,2.159646811389729
pineapple surf - 40,15,4.333875672115671
pineapple surf - 40,64,2.0
pineapple surf - 40,79,1.0
pineapple surf - 40,80,1.0
caribbean way - 40,60,6.9567230193027045
caribbean way - 40,7,7.91129465918157
caribbean way - 40,46,3.3780528639910834
caribbean way - 40,64,3.548872421657347
caribbean way - 40,79,1.0
caribbean way - 40,80,1.0
banana boat - 40,7,13.553247139689953
banana boat - 40,65,4.382816702814668
banana boat - 40,15,3.745234080908163
banana boat - 40,64,13.718011279717688
banana boat - 40,79,1.0
banana boat - 40,80,1.0
banana berry treat - 40,7,14.153130976519268
banana berry treat - 40,60,2.0
banana berry treat - 40,55,12.613917195237654
banana berry treat - 40,46,2.0
banana berry treat - 40,15,4.889471173072385
banana berry treat - 40,79,1.0
banana berry treat - 40,80,1.0
strawberry kiwi breeze - 40,60,3.969409179028197
strawberry kiwi breeze - 40,34,7.007546913174059
strawberry kiwi breeze - 40,46,13.972297309000997
strawberry kiwi breeze - 40,15,2.410066848479443
strawberry kiwi breeze - 40,79,1.0
strawberry kiwi breeze - 40,80,1.0
lemon twist strawberry - 40,60,9.102093054622314
lemon twist strawberry - 40,67,3.1889979433499387
lemon twist strawberry - 40,46,2.0
lemon twist strawberry - 40,64,10.600999284050836
lemon twist strawberry - 40,79,1.0
lemon twist strawberry - 40,80,1.0
island impact - 40,37,6.56447088897557
island impact - 40,50,5.0529528635000815
island impact - 40,46,2.0
island impact - 40,52,5.170170683857791
island impact - 40,6,7.552489845893527
island impact - 40,79,1.0
island impact - 40,80,1.0
x-treme - tart cherry - 40,63,11.21951717152291
x-treme - tart cherry - 40,7,6.545076824052247
x-treme - tart cherry - 40,49,10.218845317862677
x-treme - tart cherry - 40,15,2.0
x-treme - tart cherry - 40,64,13.02620070111898
x-treme - tart cherry - 40,79,1.0
x-treme - tart cherry - 40,80,1.0
x-treme - strawberry - 40,60,2.0
x-treme - strawberry - 40,46,12.145200409195084
x-treme - strawberry - 40,79,1.0
x-treme - strawberry - 40,80,1.0
x-treme - orange - 40,45,7.587999490705931
x-treme - orange - 40,7,3.255618997882688
x-treme - orange - 40,6,2.0
x-treme - orange - 40,18,9.520947023230656
x-treme - orange - 40,64,10.330299536626406
x-treme - orange - 40,79,1.0
x-treme - orange - 40,80,1.0
kindness in a cup - 40,60,9.002842162012739
kindness in a cup - 40,7,9.173608877704408
kindness in a cup - 40,45,7.65631233538034
kindness in a cup - 40,64,6.378597000407293
kindness in a cup - 40,79,1.0
kindness in a cup - 40,80,1.0
milk chocolate almonds,68,1.0
dark chocolate cashews,69,1.0
greek yogurt trail mix,70,1.0
good health peanut butter pretzels,71,1.0
ostrim meat sticks,72,1.0
banana chips,73,1.0
natures blend,74,1.0
lenny and larry vegan cookies,75,1.0
greek yogurt pretzels,76,1.0
